cellid	x	y	cell_type	clone
1	-1.47924158154088	-0.793665692036448	2	1
2	-2.80862468307158	-1.36697062581763	2	1
3	1.64400321155945	-0.678620178088347	2	1
4	0.356584391557968	-0.829737118804469	2	1
5	0.733697280632037	-1.5633765217817	2	1
6	4.36831408797386	-0.81844481141833	2	1
7	1.75972555452794	-3.57779083812528	2	1
8	1.00290795008671	-1.91602923427096	2	1
9	3.7634800993996	-2.66842745465272	2	1
10	0.25986293712152	-1.31966600239321	2	1
11	0.503445958376611	-0.846773235376884	2	1
12	2.4427389893636	-2.18283920442542	2	1
13	2.59772047136538	-1.39121773689787	2	1
14	0.771096975506487	-1.04334281722763	2	1
15	0.176288437211022	-2.75723024180536	2	1
16	1.04515069293546	-3.10249112216006	2	1
17	2.26889594893793	-1.15040144068381	2	1
18	2.97929875880902	-2.48569731051865	2	1
19	-0.636999295961388	-0.965606872869412	2	1
20	-1.18989455607394	-1.53177121194341	2	1
21	0.309179890034407	-2.78789686158532	2	1
22	3.9614084476743	-2.22884876407941	2	1
23	4.34907571250189	-1.59088436123413	2	1
24	4.12421862475598	-0.9846893636579	2	1
25	3.76082321790468	-3.18127775372334	2	1
26	-0.870051493136633	-1.16941157136006	2	1
27	2.21388230854788	-3.76136070625613	2	1
28	-1.99863836031671	-0.854219010363431	2	1
29	-3.15889704066766	-0.500332519856816	2	1
30	-2.8017956846765	-0.182095054198328	2	1
31	1.24545007919185	-2.2397635717955	2	1
32	0.917843173842343	-0.696788879091184	2	1
33	-1.09260988485694	-0.664097695385753	2	1
34	-0.196881909746613	-0.343888003751503	2	1
35	-1.10055736712147	0.787795337340736	2	1
36	-2.43637264146648	-1.17462705300581	2	1
37	-1.22663104979397	-2.2689531627888	2	1
38	-1.76873494640598	1.5288049587579	6	1
39	3.41474558514674	-1.79702050453778	2	1
40	-0.704346471892183	0.872970669333421	2	1
41	1.90442906595215	-4.11633333840505	2	1
42	2.7598997124925	-1.60772127879998	2	1
43	-3.54308045686656	-0.343427540337196	2	1
44	-0.445279121335606	-0.706968070931221	2	1
45	2.16133699105091	-1.34829506097594	2	1
46	4.14501326894694	-0.686441010884418	2	1
47	1.15712852226673	-2.42248591849831	2	1
48	2.8646809834956	-1.44905011190177	2	1
49	-1.18172726836744	3.37214386067386	3	1
50	-3.71854798957129	0.923373284318847	3	1
51	-0.360971953962323	4.06658853544294	3	1
52	-3.37575819640065	3.39884263214726	3	1
53	-0.158459688782308	3.74011616664114	3	1
54	-0.0963487016213539	3.48627715834526	3	1
55	-1.21574315393388	3.74936416385644	3	1
56	-2.22542155971898	2.83366762122665	3	1
57	-2.39472131897186	3.03178343250781	3	1
58	-0.442089757896398	2.09194593655822	3	1
59	-0.688789998344019	3.55797241370397	3	1
60	-3.67884015141429	3.49038571272574	3	1
61	0.194443008769298	1.85877243342386	3	1
62	-1.77394021397203	2.31633838737886	3	1
63	-3.86557519382546	1.88500118892113	3	1
64	0.514068425476498	2.82035104366067	3	1
65	2.83172565900772	-0.219446294230279	1	1
66	2.76302791719471	0.95620243540505	1	1
67	2.53538750003754	2.53646528705039	1	1
68	3.7932106471099	2.12676607628749	1	1
69	3.96358797624151	-0.33593016788094	6	1
70	1.84167303044041	3.63734285107771	5	1
71	3.33770918598908	3.08140711492702	1	1
72	4.27019137408733	0.499823624179425	1	1
73	0.540070966166624	-0.25048775790607	1	1
74	2.60526883744579	0.685927738233164	1	1
75	2.38217824050549	4.26978699270862	1	1
76	2.49419072329391	3.94887480752714	1	1
77	0.940472567074589	3.8039712654704	1	1
78	3.84064504120443	1.38539461282116	1	1
79	3.9347540108696	3.30499988670575	1	1
80	1.90303968355435	0.882773005401189	1	1
81	3.38763583051778	-1.02351427120166	2	1
82	-0.496898882988925	-0.939565763259882	2	1
83	-3.25991019931603	0.345543139579133	2	1
84	1.02931368791884	-3.7215109370174	2	1
85	1.2945066769861	-0.91948091813569	2	1
86	1.15505341343869	-3.95280478785376	2	1
87	3.23943698925452	-3.81954284339518	2	1
88	-0.617037498014448	0.749869162381179	2	1
89	-1.93956063428305	2.57850570704543	3	1
90	-0.980232514127125	-0.632268036278127	3	1
91	-1.73367931082068	-2.13110940516983	3	1
92	-1.98339843689981	-2.23146161602063	3	1
93	1.93517042939784	-3.07642982422944	6	1
94	2.56205575099369	-4.08508132965299	3	1
95	-0.100799010279436	-1.04994560861935	3	1
96	0.34859862161425	0.583893822928377	3	1
97	2.75508157557454	1.4303458111868	1	1
98	0.8995812099563	-0.597488582758146	1	1
99	3.96885753221693	0.594858447503254	1	1
100	1.47009327607594	2.84995816814284	1	1
101	2.44849447583235	0.267714403829153	1	1
102	3.13250274481583	3.14066912095734	1	1
103	3.29743013374816	0.803554707977691	1	1
104	2.20192651802051	2.99098730025378	1	1
105	1.26643466900561	3.26803312883016	1	1
106	3.5389781673644	2.96955991936619	1	1
107	3.89381381367606	1.28738769168512	1	1
108	2.29049607584822	2.33390570833525	1	1
109	1.60283898838826	0.081759557246974	1	1
110	2.21414868533702	1.74662120801885	1	1
111	0.429261148731321	-0.386847326872786	1	1
112	4.30463541104515	-0.392116244575257	1	1
113	3.09086722860115	0.169634457557538	1	1
114	4.0815416237415	3.24432006556073	1	1
115	4.21556913173493	3.42734228619389	1	1
116	2.24684287948946	-0.757561707535525	1	1
117	1.28378802475415	3.9676194628175	1	1
118	4.52335616740398	2.52230547982279	1	1
119	3.11346578777124	1.14982214543448	1	1
120	0.197445840908691	2.47929538915772	1	1
121	1.29963265649046	-0.00762458805303702	1	1
122	0.502855211161335	1.90304830364802	1	1
123	2.69589696795486	4.50078742391302	1	1
124	-0.246654714670412	2.68627930252359	1	1
125	2.89289625272588	3.85628663147045	1	1
126	0.472584217874499	3.49513701660855	1	1
127	4.52075457970215	1.71596762996472	1	1
128	4.64713239912206	1.51225493405924	1	1
129	-0.0237433272988039	-1.8391587275743	2	1
130	-0.57587397721326	-1.25607670782402	2	1
131	3.08662234187995	-2.67930780096813	2	1
132	1.46614028950902	-0.73111457698421	2	1
133	-1.57073366778281	3.78709927838128	2	1
134	-2.77201750447637	0.395089784808823	2	1
135	-0.762038663811432	0.353324742203519	2	1
136	-1.89078645922979	1.14230353483873	6	1
137	-2.93422774611767	2.79252438609789	6	1
138	-3.03448513060391	2.58033479361695	6	1
139	-1.70503996483467	0.949003829336353	2	1
140	-2.06106948231926	3.75287592176114	2	1
141	-2.08900228086205	3.16329840213038	3	1
142	-1.68656476237532	3.95127114533625	3	1
143	-0.766323158808687	1.8692754626586	3	1
144	3.1776415757394	-3.50915238532328	3	1
145	0.0468231028596217	3.04940005788547	3	1
146	-0.481345559333393	0.63573392935985	3	1
147	-3.0716366409237	3.27459527073555	3	1
148	-0.650835749341954	3.77108635278794	3	1
149	-1.87446708399824	4.15642767673355	3	1
150	-1.11073576579429	1.9385266909513	3	1
151	-3.66293640866816	2.29394637595392	3	1
152	-2.21493408567157	-2.41348967056469	3	1
153	-1.25534330877708	2.11580668077504	3	1
154	-4.03859603210252	2.1340736247707	3	1
155	-3.32643143791315	1.86591892809947	3	1
156	-1.99107970006533	0.927467413657668	3	1
157	-0.863245750543447	0.456579740722264	3	1
158	-2.33433076350015	1.0434283995912	3	1
159	-2.19742090393621	3.98631825593273	3	1
160	0.297985940518847	2.17215343382119	3	1
161	3.72819455405011	-0.644769039209264	2	1
162	2.02520882115528	-1.7287922285198	2	1
163	-2.91352051776216	0.655136753404088	2	1
164	-1.94846824109951	0.091608911429369	2	1
165	0.472076580662392	0.452692105453362	2	1
166	-3.81928826670861	0.42902672310834	2	1
167	-1.18566038888588	0.177840142330273	2	1
168	3.38377723548547	-2.32694618475939	2	1
169	2.98210397549071	-2.73159179321989	2	1
170	4.05135112551429	-0.0495368101521345	2	1
171	0.450879285262728	-2.21796200978283	2	1
172	1.26943007342783	-2.91958471607749	2	1
173	-1.00896760791499	0.413474279075262	2	1
174	2.67414747521085	-3.38953975550746	2	1
175	2.99358784966865	-1.56726344752639	2	1
176	1.35980205573563	-2.7940442558663	2	1
177	-0.648377943430175	-2.98845336613148	3	1
178	0.175653797246981	-2.0582078206457	3	1
179	-3.44081198925325	1.60664668041664	6	1
180	3.94085659771335	-1.26900890475218	6	1
181	-3.82099592550038	-0.143332520625565	2	1
182	0.617214360928629	-3.25242958856572	2	1
183	2.2215774017846	-0.364493700895068	6	1
184	-0.397620067317293	-2.44381570097441	6	1
185	-0.070320626844134	0.566208932357569	3	1
186	-0.040549590948675	1.22133732142655	3	1
187	-0.906992214298182	1.35083784241599	3	1
188	-3.97207273778652	1.03764453813293	3	1
189	-2.54876056628475	-3.09212064555359	3	1
190	3.9704218718837	-3.28805203971584	3	1
191	-0.156002798656314	-2.3440160344738	3	1
192	-0.687437129013925	-2.2506545649598	3	1
193	2.04238170848569	3.60796703481521	1	1
194	3.71548604857619	2.98805182839926	1	1
195	1.96346217739923	4.28507801740952	1	1
196	4.19654140711631	2.89602064106902	1	1
197	1.40556440754594	4.27230409388699	5	1
198	0.130615919258922	0.0560165976122125	1	1
199	-2.67763411182327	0.0480675407893176	6	1
200	2.02054835263547	0.132511236986606	6	1
201	3.97886991067628	2.92518025297831	1	1
202	1.86425721552036	0.175096815459238	1	1
203	0.728874247955903	4.07428147241449	1	1
204	-3.16356229683399	-0.930777156548036	1	1
205	-0.474633801493707	-2.63857211443764	1	1
206	-1.30293712340593	-2.94343219849835	1	1
207	1.02918807878844	4.27260546638529	1	1
208	2.97318478817221	3.12191565826763	1	1
209	-0.0660457452892675	-2.67147986104207	3	1
210	0.100141293076613	-2.45454076666411	3	1
211	3.57032337603234	-2.4656483708886	3	1
212	0.449628772649656	-1.08267486606185	3	1
213	-3.76524582538315	-0.889539824540026	6	1
214	-2.61917411948661	2.51392052437848	6	1
215	1.95002167278599	-2.04393298466568	2	1
216	-2.0070957096611	-1.49001324268775	2	1
217	-1.49160457247807	2.87616947724885	3	1
218	-0.999617399866455	0.827703220007896	3	1
219	-2.27569862321813	4.2307660224948	3	1
220	0.483428846167722	2.94490660592781	3	1
221	0.394098522340722	2.95589504758699	1	1
222	0.459658980313897	4.09153841497612	1	1
223	4.38473382671674	-2.12135863315723	6	1
224	-3.56414674164985	-2.10925024069101	5	1
225	1.50433894623958	3.22275736564477	5	1
226	1.7612789868266	1.34454687529036	5	1
227	-1.40369504254256	3.10217721324597	6	1
228	-1.78778331196836	3.3608456304463	6	1
229	1.05822494396706	0.142068173218523	1	1
230	-2.10820863404111	-2.65378072273044	1	1
231	-2.01293699961733	-1.61700338108152	1	1
232	-2.66195463201474	3.52608146307879	5	1
233	2.60500332491207	4.20155774740284	1	1
234	2.14527166646274	4.4134582714149	5	1
235	-1.88589243251161	3.21247543246105	6	1
236	-2.72752448738008	2.82195043805398	6	1
237	-1.89635688161843	2.90152666334859	1	1
238	4.3123970765981	2.54431927692804	1	1
239	4.38531537551904	1.853098788274	1	1
240	1.94670320244952	0.654900679913431	1	1
241	4.33289959606347	0.920153863826767	1	1
242	1.67625577314058	3.25911412806854	1	1
243	1.03230871202471	2.47772120857293	1	1
244	1.23345919113962	2.32845064602639	1	1
245	3.65340543051613	-0.0800758861779214	1	1
246	0.588944847376966	0.0196874490751083	1	1
247	0.356371024691011	3.82648825586356	1	1
248	4.66981404037262	1.0602777922899	1	1
249	1.91672150504982	0.979799695343884	1	1
250	4.3096611549596	3.08311013831327	1	1
251	3.01313271613309	-0.728924432472288	1	1
252	4.16839537967123	1.7511361080057	1	1
253	-0.200032018590823	1.81075599697849	1	1
254	0.0329876288326547	0.457230611228687	1	1
255	0.835076590224612	2.60538199684595	1	1
256	1.67611399394781	-0.550301463902786	1	1
257	3.63473348253	0.123367197409869	1	2
258	0.726161006283785	1.43460281911762	1	2
259	-0.138992363513107	2.1705720920873	1	2
260	0.708744860669233	0.955963373074368	1	2
261	2.02102897297428	2.0715617003219	1	2
262	0.62471545028714	0.594453159629557	1	2
263	1.06799240736248	0.362744916904109	1	2
264	4.56595903791925	0.272247128282626	1	2
265	1.00365037938639	3.08848787652936	1	2
266	2.54953580434115	2.20659484604387	1	2
267	2.08193223430233	0.730968385748048	1	2
268	-0.707624427614024	1.65938515648805	1	2
269	3.81082104707653	3.99784523885399	1	2
270	3.15438697186857	2.81876823269325	1	2
271	2.41239851038877	1.45369421220725	1	2
272	2.62270658415693	-0.0186041102720131	1	2
273	0.480210793740398	1.2802906898665	1	2
274	0.806164774822691	1.10697080285963	1	2
275	1.61589821310502	-0.219736711996035	1	2
276	4.44653688087762	0.683906539148297	1	2
277	4.47295136705805	0.945389992874891	1	2
278	4.60847049369886	2.23999459305136	1	2
279	3.86112344904157	-0.271027649774689	1	2
280	1.44820822955198	1.24116726272936	1	2
281	1.10264672272449	3.66421984647681	1	2
282	1.29516688100131	2.03559310536823	1	2
283	1.78922840419076	-0.317199417459341	1	2
284	4.10231261099927	1.40844549796282	1	2
285	2.1136972475221	2.04394074565376	1	2
286	1.41176065723757	0.656132956915269	1	2
287	4.05913661875719	0.351846196126928	1	2
288	1.15102595183708	1.50000443683693	1	2
289	3.5447338407404	1.22427746069448	1	2
290	3.34318757459069	2.02296144724363	1	2
291	2.66543764065129	2.14733880219839	1	2
292	0.643310562364642	3.65191090503322	1	2
293	-0.0419791561344554	1.30550479477979	1	2
294	1.47094323140104	4.04666786731633	1	2
295	2.92575715577735	3.4719253701863	1	2
296	0.845940407703962	0.399593149641885	1	2
297	0.130848469840587	3.93700756401459	1	2
298	1.95487746004007	4.07189032778434	1	2
299	2.65900037341919	1.55000987747805	1	2
300	2.87994873235733	0.428979056857447	1	2
301	0.620856371089831	-0.533645797714723	1	2
302	1.75753658627704	2.92338427775855	1	2
303	0.478107801150661	3.34463749173933	1	2
304	3.63365253529709	1.80690874644127	1	2
305	1.57140883082867	3.98753954577336	1	2
306	2.54109720777807	3.64888523321142	1	2
307	2.640018415966	1.95264087576186	1	2
308	2.7261432709311	1.66661647279764	1	2
309	1.50048107874791	1.73448224128122	1	2
310	4.59931378357046	1.86599261521237	1	2
311	1.06859059766667	2.98700995097866	1	2
312	2.57388940912305	3.17176026825616	1	2
313	2.96981564486272	1.94056174470465	1	2
314	1.79239467092406	4.11293428678303	1	2
315	2.16843451904344	-0.287396887179279	1	2
316	1.92817363199655	3.89397736642502	1	2
317	1.36256573467153	0.44444121522528	1	2
318	1.52266746657821	2.20977944976886	1	2
319	2.63352102253497	2.51495930503783	1	2
320	3.32718096951758	4.07277917754063	1	2
321	4.08786310882724	0.767142174165836	1	2
322	3.51623401946084	0.660060701539629	1	2
323	1.10694461735071	1.23158868991383	1	2
324	2.44638549340101	3.44928736703849	1	2
325	2.32980820987093	3.9683280929006	1	2
326	2.73134685099725	2.81778030473116	1	2
327	-3.23719151269891	-2.75427951278795	1	2
328	-2.88686923016321	-2.93794261529529	1	2
329	0.888384269597672	0.671385035950657	1	2
330	4.33948016890185	2.20998997072334	1	2
331	0.836039115832894	3.43672573306818	1	2
332	-2.28162653698719	-3.058159061635	1	2
333	3.01533416441685	0.668900510784741	1	2
334	2.07976215514334	3.60016562299962	1	2
335	1.85902747419254	0.831463585594594	1	2
336	1.26572645680639	-0.76044882460263	1	2
337	4.19299516862615	1.10250867615434	1	2
338	1.81606674682857	0.359880786172567	1	2
339	3.9574343363334	0.410887033926475	1	2
340	3.0688692817933	4.30809507926559	1	2
341	3.85520768436935	-0.723400779580135	1	2
342	1.00952096510196	1.52713060769196	1	2
343	1.29062223067489	0.98090005118308	1	2
344	3.37817866238446	0.743066096240873	1	2
345	2.13945835041979	0.00825229693478502	1	2
346	3.58898448387802	3.39100590838519	1	2
347	4.47852084455788	1.21130615921222	1	2
348	2.48938719739395	2.43006813726143	1	2
349	0.0208062444037084	0.806419520202347	1	2
350	1.99798178084292	1.29636917160449	1	2
351	1.1670867910172	-1.85226982205652	1	2
352	1.03064379930888	4.05959273418743	1	2
353	3.03139752179505	2.43178350966994	1	2
354	0.366530207459075	2.29298079382142	1	2
355	0.856164821280255	-0.565161555614639	1	2
356	4.024235387032	2.72492056533699	1	2
357	3.09964857073817	4.06639316262806	1	2
358	1.33539711484041	2.52929920630933	1	2
359	1.00708514594065	0.895776861200625	1	2
360	3.70905390796748	-0.188838977263771	1	2
361	1.70518608918684	1.6623884826158	1	2
362	0.382701771357947	0.846260430120393	1	2
363	2.11451888445651	1.69808084760529	1	2
364	0.893167023211581	2.64937782710423	1	2
365	4.40381476298668	0.149276453276067	1	2
366	2.27805754161612	2.24559836876417	1	2
367	1.0085107582203	3.15491163906141	1	2
368	2.72363252821339	4.15395719997936	1	2
369	0.54645153765625	2.33879977362424	1	2
370	0.795775540916602	0.335154114597188	1	2
371	2.0859002015566	3.4069773150062	1	2
372	-0.146142998824757	2.3764270363612	1	2
373	2.21499687078204	0.872965962264827	1	2
374	1.84233976434962	2.31089035216563	1	2
375	3.8207081051899	3.65999858743962	1	2
376	1.51012673341407	3.38126051349069	1	2
377	4.32406684690863	1.51716447156214	1	2
378	-0.372752330281702	1.84797430281192	1	2
379	1.15051895538365	-0.391890191294586	1	2
380	0.654870011333635	1.34301420279521	1	2
381	4.01294986511741	2.34317134862071	1	2
382	3.13389276161694	3.36594078177389	1	2
383	4.10450687796125	2.10960035075707	1	2
384	2.55846045949087	0.119485544218286	1	2
385	-2.47260062424207	-2.1657441167341	1	2
386	-3.24075841095689	-2.34606671729954	1	2
387	0.121270833936952	2.69934053243148	1	2
388	-1.80012602628952	-2.70637581016351	1	2
389	-2.43790882637493	-3.30209664426988	1	2
390	0.352156233635913	0.130879205537467	1	2
391	3.31780823148215	0.372987304269136	1	2
392	3.41501243567878	0.581341079258507	1	2
393	-2.53197482900306	-1.91923588095894	1	2
394	1.14140322076416	1.14359658281867	1	2
395	-2.99999694786685	-2.31308784356239	1	2
396	1.09974763016988	3.45310077201455	1	2
397	2.50307708798114	1.07163763212903	1	2
398	3.56062547465434	0.954126726601068	1	2
399	-1.41439432631706	-2.03124776440465	1	2
400	2.39059730391103	0.627570974079396	1	2
401	3.1519862235806	-0.11075772427812	1	2
402	-2.00936612510326	-2.84347430418495	1	2
403	0.368907560062961	0.638543843830026	1	2
404	-2.40161322342047	-2.64071989333619	1	2
405	0.108072708690493	0.335995505394341	1	2
406	1.79357994631897	-1.18010239413941	1	2
407	-0.204682454784008	0.810130032852378	1	2
408	3.26351517360525	-0.384111313901462	1	2
409	-1.63084853347941	-3.19327386608538	1	2
410	-2.82341951528229	-2.51612566966111	1	2
411	3.16551668628613	0.455573705128933	1	2
412	0.843382103777094	1.7278747148703	1	2
413	1.21831831948195	1.64913540611529	1	2
414	1.89898977203595	-1.2375742471726	1	2
415	-2.26493107138745	-2.17913632576944	1	2
416	-1.47171577557151	-2.32609221099493	1	2
417	3.78479082291451	-0.434191517152236	1	2
418	1.45347790442728	-0.524708933394192	1	2
419	4.36060669180904	-0.11901963049847	1	2
420	1.90786218584037	1.13708472466537	1	2
421	-1.83560493871354	-3.14886420774596	1	2
422	-2.42389334839572	-1.66712427927098	1	2
423	-2.91284788967535	-2.05751923968268	1	2
424	-1.58118690895718	-2.70889932009745	1	2
425	0.660458145330632	-0.248532830087162	1	2
426	3.38255152391612	1.82077553680243	1	2
427	3.4890395746477	2.45639911171037	1	2
428	2.32237818407864	3.15024225260195	1	2
429	3.34583435945295	0.0309762542489574	1	2
430	1.81763602357966	1.58931900592596	1	2
431	3.13176531740768	1.74615526652601	1	2
432	2.94900481104903	1.16793700438046	1	2
433	-1.00282625971106	-2.23841999415326	1	2
434	0.219011589485486	-0.256639122217274	1	2
435	-1.13137743770514	-1.72880137239278	1	2
436	0.616166931318196	2.00349875073852	1	2
437	3.49881396146075	3.79968188624959	1	2
438	1.41888608826932	1.21837280238488	1	2
439	3.82211701504018	0.633471390210299	1	2
440	3.28833550018108	1.24324837032774	1	2
441	3.77667129271193	1.20031567391591	1	2
442	3.2712506964254	3.54208575723292	1	2
443	2.76008186613169	2.20599065422219	1	2
444	3.92249110287046	1.99417207218817	1	2
445	-2.58534476720533	-2.81862832299926	1	2
446	1.99758728438026	-0.1089382058245	1	2
447	2.5326094447263	0.37020412310964	1	2
448	-1.23550861033263	-2.58664790462536	1	2
449	2.77345883049637	3.68108492005723	1	2
450	3.46655777505262	3.31784104946119	1	2
451	1.84926287474435	-1.03373329020803	1	2
452	1.67718950007353	4.37813450265779	1	2
453	0.636543087941012	0.100962801936686	1	2
454	0.63030201072176	2.1336047094942	1	2
455	1.99932150006586	2.6436433274053	1	2
456	2.00683839222715	2.79206203170043	1	2
457	2.98336476618821	2.81316126856314	1	2
458	0.191578286637366	1.1711089488887	1	2
459	2.13201673537795	1.28369703745742	1	2
460	3.29595205936741	3.76875670362432	1	2
461	2.41175144410807	-0.35553158182985	1	2
462	-2.70724427114259	-1.59141370667064	1	2
463	3.25031577848359	2.44289088213127	1	2
464	1.79590031527348	2.18237276847763	1	2
465	1.6066908966368	0.503293920961336	1	2
466	0.94125013908227	1.83953807237441	1	2
467	2.86016534317718	2.39654629015144	1	2
468	2.37590871995603	-1.57699202221146	1	2
469	3.6015133279809	0.442793698675715	1	2
470	4.07152418687249	0.165841419762819	1	2
471	3.48628193673797	0.0602281787824906	1	2
472	-0.0621265035315981	0.948774575706776	1	2
473	1.3708569312865	-0.0405702805163218	1	2
474	0.80147886275416	-0.153788744384734	1	2
475	1.95481047976442	2.56958082145015	1	2
476	2.57416392731148	2.8725900280896	1	2
477	-1.50112792651565	-3.03227706553236	1	2
478	3.90208797831851	2.56669308224622	1	2
479	3.81647037981881	2.75966604821376	1	2
480	1.42641162482846	2.12864827229476	1	2
481	2.76787793141868	1.25802781478391	1	2
482	2.25980998126024	1.84993654721238	1	2
483	0.475902920688694	1.91527085176432	1	2
484	2.39837947002074	-0.549689695682335	1	2
485	3.45252995899874	2.56221029716206	1	2
486	3.12972781080765	1.87692240352681	1	2
487	1.04120504699446	0.648012271670432	1	2
488	1.28541980086178	0.861863701467066	1	2
489	1.51377437537441	0.740986174019604	1	2
490	1.77714754533271	1.09604237163964	1	2
491	1.83438530559869	2.91796128168572	1	2
492	0.38271531653714	0.307981869062735	1	2
493	2.33396943169582	1.4057677293022	1	2
494	2.5959913687068	1.64701448494981	1	2
495	1.683967479724	2.5929788576238	1	2
496	0.683462439929931	3.86399077340889	1	2
497	1.20522910982378	1.6749061628574	1	2
498	3.40373499943669	2.22817399915956	1	2
499	2.79615984445258	-0.498618519064061	1	2
500	1.30703525906087	0.474082014508247	1	2
501	2.93930156059452	2.44287941181158	1	2
502	3.35160917091324	1.28685329745424	1	2
503	2.62186273690742	3.30801916381266	1	2
504	3.26543225344674	2.59057919362028	1	2
505	0.159729296593891	1.70427670401592	1	2
506	2.74423959459222	2.80166855868053	1	2
507	1.4755543347681	3.70533827519237	1	2
508	3.34592754323783	1.50490750617297	1	2
509	-0.415830337076704	0.49280111716539	1	2
510	2.84433247536522	1.56290339404819	1	2
511	1.37672281898229	1.37542134550928	1	2
512	1.11432357629441	1.99356008404943	1	2
513	-3.76259950312908	3.1420484165268	3	3
514	-0.861304324599534	2.22654663939967	3	3
515	-0.777412350133605	2.51963541405721	3	3
516	-0.565140219752743	1.292193354042	3	3
517	-2.40111601177952	2.67317387854582	3	3
518	-1.09008380072497	0.613768220162095	3	3
519	-1.12929511849151	2.52673161762205	3	3
520	-0.896063946154797	4.10372593864126	3	3
521	-3.79695147565531	2.91183956365039	3	3
522	-3.25361822801971	2.76928969946527	3	3
523	-1.55908265565489	2.25008330349589	3	3
524	0.276655526743359	1.44226587848478	3	3
525	-4.03319302237377	1.82145098082014	3	3
526	-1.06153246725436	2.44447546998037	3	3
527	-3.38700533935259	3.03533639347809	3	3
528	-3.82451353869771	2.38394107387119	3	3
529	-0.571396358641427	2.37282791348481	3	3
530	-0.507982674030378	3.55514169685851	3	3
531	-3.32374471523024	2.28930306955229	3	3
532	-1.20408158660614	1.15457188326018	3	3
533	-2.68974643394405	3.27478772223325	3	3
534	0.422281417847796	1.26551551922747	3	3
535	-1.10198170168263	2.88848010549666	3	3
536	-3.77127306527059	1.48265046803359	3	3
537	-0.870040405474486	2.95925122010316	3	3
538	-0.261533980617951	2.01871387050924	3	3
539	-3.09471704378911	3.84549884833414	3	3
540	-1.31592126298244	0.615934436584566	3	3
541	-1.4463909065722	4.20566934622258	3	3
542	-2.51208954689475	3.99137888261938	3	3
543	-3.56239625251041	1.75665591301682	3	3
544	-1.37032938361389	2.93993298032913	3	3
545	-0.361087943911906	1.32879451070309	3	3
546	0.129116556517503	-3.36054614810673	3	3
547	-3.72220769966856	2.58212996483852	3	3
548	-1.77734517149743	2.72226133924076	3	3
549	2.14640156487891	3.20913991142988	3	3
550	-2.81449290923553	3.74415970234995	3	3
551	-0.573064135610431	1.26237891483628	3	3
552	-0.456410005433973	2.80208262631135	3	3
553	0.068293574292653	-1.20400989090034	3	3
554	-0.259420230134793	3.21557575967782	3	3
555	0.735387139802086	2.27231962337898	3	3
556	-2.51480153832914	1.86094469486053	3	3
557	-0.114172507677817	3.95130264924469	3	3
558	-1.14598630494028	4.18357534935233	3	3
559	-0.442058214669163	-1.63544818919914	3	3
560	1.36749705014831	-3.92926701629663	3	3
561	-3.50832639284372	-1.86460611531177	3	3
562	0.25332901931638	-3.1615261811775	3	3
563	0.322971105273719	-1.12433036027228	3	3
564	-0.581935212418135	-1.85899473147804	3	3
565	-3.31252655290802	0.572348280629581	3	3
566	0.819557394667838	-3.3573076798772	3	3
567	-0.391328998203091	3.03687185686664	3	3
568	1.64736478406639	-2.50644841798104	3	3
569	-1.5177716850253	0.213957934706349	3	3
570	0.445555343626704	-3.74295048577507	3	3
571	-0.263655379145949	-2.77263402975453	3	3
572	1.52659460009037	-2.03976974398454	3	3
573	-1.92180774553332	1.27060010170888	3	3
574	0.2746809246978	3.53189420596695	3	3
575	0.153617243937733	2.91685130158944	3	3
576	0.58104888659174	-3.54570770453489	3	3
577	-1.68923149346928	-1.19860516747877	2	3
578	-3.528172894719	-1.53241751647316	2	3
579	2.67906737521986	-0.976286791643437	2	3
580	-2.76233860176785	-0.706089456856645	2	3
581	-1.66911519997183	-1.35995573065145	2	3
582	-1.44263396102797	0.883030995489828	2	3
583	2.65701481997091	-0.279155908643434	2	3
584	-1.60874351579688	-1.73505066059077	2	3
585	-3.04433302606465	-1.85833180501442	2	3
586	-1.79249971035112	-2.3314523759003	2	3
587	-0.721254504614869	0.0991106610436647	2	3
588	3.59831408745912	-2.94080082090947	2	3
589	3.60725772926612	-3.65966285404694	2	3
590	1.55014803994987	-2.87595414122747	2	3
591	2.26285629116919	-3.99479102247386	2	3
592	2.02326485578703	-3.35544813709856	2	3
593	0.199540067383498	-1.80937758174693	2	3
594	-1.92102906061103	-0.257216917111405	2	3
595	2.20532760216167	-4.30069295127797	2	3
596	3.76759344958034	-2.28998517650861	2	3
597	2.13242410865659	-3.13863514682592	2	3
598	3.45602353075567	-2.70537311469742	2	3
599	3.88978243895657	-1.04648863306887	2	3
600	3.34815265009327	-3.02150124822248	2	3
601	-1.46171816684999	-0.163697521688267	2	3
602	-3.00348165342797	-2.68898484773829	2	3
603	-2.06587471429991	0.55809338018256	2	3
604	0.770766170552139	-1.90852168222239	2	3
605	-1.92312694281095	-1.13281145326755	2	3
606	3.17314729524136	-0.385669062194848	2	3
607	3.32130364700561	-1.08537905571039	2	3
608	3.3258498031137	-1.99967518928851	2	3
609	-0.937836317901865	-0.481596592011407	2	3
610	-3.4680966146251	-0.715571458374403	2	3
611	-0.861315158511239	0.832601175654386	2	3
612	-1.26187312725601	-0.121063691348969	2	3
613	4.22528488969425	-2.40616304908524	2	3
614	0.923260697411684	-1.08655490341378	2	3
615	-2.76003511432319	-3.11084785113451	2	3
616	-1.82313662248165	-2.93353313907212	2	3
617	-1.24727763879336	-0.321460214055814	2	3
618	-1.08657090363665	-1.97640788845633	2	3
619	4.24403860208029	-1.25824960456538	2	3
620	2.52066840254529	-3.56439785897093	2	3
621	2.81810367980726	-4.04679131198959	2	3
622	-0.138178729275214	-2.04223289551922	2	3
623	-2.23868976108883	0.109410067865811	2	3
624	-1.28272194016391	-0.364363156531019	2	3
625	-2.86207450946289	3.40520251360242	3	3
626	-1.13085715111962	3.24760795880772	3	3
627	-0.47896124604611	2.45679025299071	3	3
628	-2.59878126982113	2.98381984851546	3	3
629	-0.563722560723363	2.83037523978978	3	3
630	-1.14902432691716	3.00187900555699	3	3
631	-2.70669612791971	0.842820200160859	3	3
632	-1.35327883738294	3.58842351235324	3	3
633	1.13484166854853	-1.36735408132739	2	3
634	3.7190343928363	-1.18738609113255	2	3
635	2.97249894376446	-1.01015641453562	2	3
636	-0.00239727589808303	-0.0521625629704054	2	3
637	-3.05982813963116	-0.0975983442816793	2	3
638	-3.44678204294146	0.247303117195524	2	3
639	-3.179802830106	2.43883648669659	6	3
640	-2.1692712631639	0.619360502756816	2	3
641	-1.06021302084372	-0.0389649483770038	2	3
642	-0.788792363834364	-0.957061480989022	2	3
643	1.97525806194341	-3.51801311178262	2	3
644	3.71981247976638	-1.34791521063776	2	3
645	2.76226176813071	-2.84735146171359	2	3
646	2.33826232877515	-2.14611548378875	2	3
647	0.189254876893282	-1.67527984550829	2	3
648	1.23476215735113	-0.347614229754976	2	3
649	-2.48430991182182	-0.784644990960416	2	3
650	-0.248545381636409	-0.139758541521577	2	3
651	-0.703678579219301	-0.133111597665175	2	3
652	1.70139251349863	-3.36981240538372	2	3
653	-3.73811015098055	-0.405096246604661	2	3
654	-2.49753454910779	-1.3042216431118	2	3
655	-1.7083700564031	-0.162333538588472	2	3
656	0.0502150228568914	-0.93979360284785	2	3
657	-2.89449954869595	1.6479103130058	2	3
658	-3.9735150080277	2.62124236316454	2	3
659	2.65031417594334	-1.82247152391671	2	3
660	-1.64546849160472	0.299867469934804	2	3
661	3.09407455276133	-3.91620013081696	2	3
662	-2.56639154274623	1.57822839183399	2	3
663	-2.19839903995102	-1.09023111230062	2	3
664	-2.87457787595886	-1.13952158863056	2	3
665	-2.40890700285069	-0.37451832298485	2	3
666	-2.92718322790596	-1.64932548815553	2	3
667	-1.04121798950971	-1.30011802763632	2	3
668	3.24548722974621	-3.02808289777549	2	3
669	-3.47780155184177	-1.25416221873155	2	3
670	-1.43378733569447	-0.652208640211739	2	3
671	1.86477718608787	-2.76877109612611	2	3
672	-3.33501262200476	-0.0477068545792296	2	3
673	1.09460920515058	-1.1903021633549	2	3
674	1.59815014735041	-4.10807404495624	2	3
675	-3.51466435457829	2.84212700551422	2	3
676	0.351506100458858	-3.22447338439826	2	3
677	-0.328606213586285	-1.20661094935949	2	3
678	3.49249317549491	-1.41566316372719	2	3
679	3.55698339488038	-3.23874111319502	2	3
680	1.88639470985831	-3.21617055301114	2	3
681	0.529283779716051	-1.29283487377976	2	3
682	2.13116757439147	0.688062238930462	2	3
683	-1.50376214710571	1.01609277336051	2	3
684	0.382188535726544	-2.4270892242101	2	3
685	-2.31588491294234	-0.71587855305477	2	3
686	-3.46257899273151	2.05218779104255	2	3
687	-1.76897390992889	-0.792437659871038	2	3
688	-1.67944920060307	1.22421463947841	2	3
689	-2.3998925541877	0.402540607797353	2	3
690	2.76097760922279	-0.600880986857806	2	3
691	3.28130697311259	-0.536083404359448	2	3
692	-3.84386760123425	0.653896240078814	2	3
693	4.12908060797997	-2.0824904188355	2	3
694	3.64317805835252	-1.84307272492903	2	3
695	3.62668908393314	-1.63553623490681	2	3
696	-0.823276311571009	-1.73794389791827	2	3
697	-3.2403710338879	-0.821509162022262	2	3
698	-3.27895897358292	-1.48357093469593	2	3
699	4.08962290577899	-2.74907998473237	2	3
700	3.03374297781579	-1.44722041951436	2	3
701	1.61281918503977	-2.72148908536736	2	3
702	3.3438856223129	-1.47505112120211	2	3
703	-3.29453324420819	0.76347863191635	2	3
704	-3.60144921254372	-0.0378342573945619	2	3
705	-0.101808483695983	2.44019624469346	3	3
706	-2.91394221566467	2.41047859513258	3	3
707	-3.55317180564277	2.4481396731905	3	3
708	-2.75390284256406	3.96075245141848	3	3
709	-0.587805865335906	2.01490219485322	3	3
710	-2.46241594386778	3.27734877717035	3	3
711	-1.00850960130023	3.83288838807177	3	3
712	-1.52255305706988	0.504311570678501	3	3
713	-1.07936615062997	2.19081331071372	3	3
714	-1.84017748515601	3.53642109068725	3	3
715	-0.40242633703197	-2.05628328524796	3	3
716	0.653285896554368	-3.66674487119996	3	3
717	0.0140119410248479	-1.583772682951	3	3
718	-0.0848768310190071	-0.309591050747145	3	3
719	-0.475075444167968	3.25711241442257	3	3
720	-1.35823311484039	1.96091733903629	3	3
721	0.496869271320011	2.46722935154543	3	3
722	-1.99079805115963	2.31178381588983	3	3
723	-1.40554530380865	2.59861828565361	3	3
724	-2.36715657343591	2.83086558188245	6	3
725	-0.62523248168305	3.08171052724017	3	3
726	-2.34437485821485	3.48949228347647	3	3
727	-2.10754915176104	1.62395996990632	3	3
728	-2.37643129743298	2.2213895604563	3	3
729	0.634035716386987	-2.92157483168085	2	3
730	0.697325953865064	-2.78587781681442	2	3
731	1.23969074251849	-3.2521393686086	2	3
732	1.12045299868279	-3.50169146662552	2	3
733	-3.10589316395225	-1.2278785058659	2	3
734	-0.868039511787805	-1.94396890122131	2	3
735	-2.85597836193388	0.132131006861153	2	3
736	-0.159253255153423	-1.38765648611293	2	3
737	0.913530187497619	-1.68468618942892	2	3
738	0.93905955772047	-0.889905033607307	2	3
739	1.5145172490882	-3.60981243079048	2	3
740	2.75886916224171	-0.804890197688448	2	3
741	2.62026759595839	-2.57336578127951	2	3
742	0.566983415913999	-1.97161590087362	2	3
743	3.15363862898515	-1.89564304511577	2	3
744	1.11872705686844	-2.6263771478207	2	3
745	-3.04446339453403	1.47995424495069	2	3
746	-0.14722262417289	-0.725321114893218	2	3
747	2.47812335078389	-0.765777448810409	2	3
748	2.67665041824076	-1.03153132715124	2	3
749	-2.67666764560756	0.91789677223958	2	3
750	2.26404104675937	0.357182044225625	2	3
751	-2.43662969139392	-2.42340570969426	2	3
752	-1.32192171572004	0.408783241823777	2	3
753	2.02000894550799	-2.4947370668897	2	3
754	2.59334218416839	-3.82539088709993	2	3
755	-2.08412941993189	0.208148876089502	2	3
756	0.241982892286803	1.63381197206025	2	3
757	-3.49480492911017	-0.983424304809395	2	3
758	0.703786643909661	-0.120529652344293	2	3
759	2.19024381352164	-2.72833297137909	2	3
760	3.94267862494906	-1.63557280097336	2	3
761	2.16130937662188	0.238481795651876	2	3
762	3.09079518246643	-3.2719991025281	2	3
763	0.885503785331846	-2.2415859747867	2	3
764	2.9050010818718	-3.16382838566835	2	3
765	1.57788097015797	-3.24850119005338	2	3
766	1.23134968476344	0.227438567648327	2	3
767	3.06446089298969	-0.312644988033155	2	3
768	2.54959370315301	-2.4593767302205	2	3
769	-1.51798560861475	-1.20406798526135	2	4
770	2.71184159062479	-3.15888139278454	2	4
771	2.98230433017818	-0.912504697257578	2	4
772	2.92530217911732	-2.11292487901674	2	4
773	-0.758128982720943	-2.94188637966172	2	4
774	-2.59119064000633	-0.385087553829342	2	4
775	-1.39481351972914	1.2559099418881	2	4
776	-3.14583595868526	0.989331681947061	2	4
777	4.26121885598212	-1.78471359638664	2	4
778	2.21248329781946	-0.541519461189581	2	4
779	2.33331110547808	-3.16909744317535	2	4
780	1.97249965438946	-0.486506030279416	2	4
781	2.03300734243129	-2.28417637905329	2	4
782	2.9785934018245	-2.0374776535761	2	4
783	1.54747675535958	-1.43408306409132	2	4
784	1.49733264424049	-2.15535087130251	2	4
785	-0.702953144143935	-1.59714293048116	2	4
786	-2.30590270337787	1.63686119527001	2	4
787	2.29059734614999	-1.04061626529417	2	4
788	1.84790144974062	-2.59047791373978	2	4
789	-0.629741339388016	-0.769545050944192	2	4
790	-0.143247249698115	0.333918762255578	2	4
791	-1.76325976069654	-0.380135489133221	2	4
792	-3.03868764275601	1.0570055934791	2	4
793	1.37822875219198	-1.12999950563499	2	4
794	-3.59560260070068	0.589584174160879	2	4
795	-2.76159807236278	1.47832939931584	2	4
796	-3.77250540760073	0.112723468405002	2	4
797	1.13035727135306	-1.71376198244718	2	4
798	4.05983875343264	-1.83165890665368	2	4
799	3.51000356963631	-3.48362558925809	2	4
800	1.49938472303301	-1.1903477955523	2	4
801	-3.28004068913099	0.0275029828378146	2	4
802	-0.679118066729603	-0.525948486346775	2	4
803	-2.23148034032698	-0.00816625626481779	2	4
804	-1.75121932557449	-1.58711282904614	2	4
805	3.63761456225807	-0.887538739501458	2	4
806	-2.04064920768443	-0.44933991936512	2	4
807	-1.66730813137532	-0.0419162972517797	2	4
808	1.64285954343098	-3.87571721609162	2	4
809	2.89213222965689	-3.64883992704242	2	4
810	2.13133267556344	-2.33255770800432	2	4
811	2.46288200999103	-2.67702298183508	2	4
812	2.26452363336389	-1.85279030355549	2	4
813	-2.5541428137299	-0.273274810677083	2	4
814	1.88818629424954	-0.992057181165384	2	4
815	2.97830880969515	-3.39863106971893	2	4
816	-2.05418821608335	-1.97366927136086	2	4
817	-2.50325995966069	1.26735288121559	2	4
818	0.47511984794692	-1.68262756763211	2	4
819	1.49525335730364	-2.07075994475234	2	4
820	4.01300144641464	-2.53725808842599	2	4
821	-1.3651267223151	-1.12090911410964	2	4
822	2.36312013469979	-3.31237763177427	2	4
823	2.78474474193522	-1.74985737924019	2	4
824	1.48604195520169	-1.54080337661835	2	4
825	-2.42787221381376	0.642255087089218	2	4
826	-2.332528930933	-1.29751401057979	2	4
827	2.08844143637264	-1.63894989989474	2	4
828	1.33507042706279	-3.37319271083667	2	4
829	1.87638159361807	-0.749858827188268	2	4
830	1.12902670447202	-2.86453844746418	2	4
831	2.19964708041109	-1.7776779175252	2	4
832	2.38085156478363	-1.39859823950264	2	4
833	-0.103539452150073	2.66589120080526	3	4
834	-0.62459167455385	3.24618793835461	3	4
835	-0.0372079442484504	1.56960993392359	3	4
836	-1.37546421526665	3.87226211843573	3	4
837	-1.51669527334216	1.90826791998726	3	4
838	-0.848529233737653	1.96081649960506	3	4
839	-0.865459235832808	1.63285438550104	3	4
840	-1.41401589177618	3.47781198059633	3	4
841	-2.11348253215742	1.77631982744854	3	4
842	-0.916972506150602	1.1454038199016	3	4
843	-0.163078399300409	-3.33371452248647	3	4
844	-3.54471874696295	3.27341561762877	3	4
845	-0.527270679902231	0.163796310119282	6	4
846	-3.37722070015346	1.30157160859184	6	4
847	-0.609945671123489	-0.348595025445994	2	4
848	-2.67034633651672	-0.870921966411194	6	4
849	3.73967995733302	-3.44478559237731	3	4
850	3.84571942706765	-1.91744589256205	3	4
851	-0.662525677576453	3.97514514897106	3	4
852	-3.60962963605714	1.12257729070185	3	4
853	-2.81135467350172	2.21996599155689	3	4
854	-2.79063341678796	1.27310182531522	3	4
855	-2.11419834900125	2.31631658480882	3	4
856	-2.51672989156699	3.71650764770073	3	4
857	-3.99087224888017	1.31591543394597	3	4
858	-0.975351063069988	0.125480420715188	3	4
859	-1.3434310280605	1.64080949948319	3	4
860	0.0236315465521303	-2.23617433049158	3	4
861	-2.61128501340193	-2.31889396993667	6	4
862	1.73127318808581	-1.81170197345016	2	4
863	-0.221195506022478	-1.68998381523246	3	4
864	-2.88465457946922	1.79056392160213	3	4
865	-0.768647788304449	-2.58820647729828	3	4
866	1.96637754997988	-3.88884758432658	3	4
867	-0.70859723771828	1.38094156186889	3	4
868	-2.59942547950156	1.15178034047419	3	4
869	-1.10170142911354	1.02810094397489	3	4
870	-2.51137525159072	2.18230366963093	3	4
871	-2.99928249098314	3.04865556114996	3	4
872	-3.21773099574272	2.02537594690501	3	4
873	0.682473231594434	-2.42352392367272	3	4
874	-0.373489167197721	3.85222137213735	3	4
875	-0.0343847855248207	-2.99158168723439	3	4
876	-3.50416332790728	1.37478996171362	3	4
877	0.744585143476919	3.22534107623646	3	4
878	-1.33457751030747	2.40462655075333	3	4
879	-1.48496733209092	1.79614672476188	3	4
880	0.108694070070767	3.66032642363008	3	4
881	-2.93730948385993	2.16957588176909	3	4
882	-1.69117608765695	2.2874424801417	3	4
883	-1.2288304988066	1.73792374013861	3	4
884	-0.450717741047749	1.47361279368521	3	4
885	-2.29562300882628	1.67395411554648	3	4
886	-2.12767430176147	1.83869231679714	3	4
887	-0.259938190973608	2.31918702605639	3	4
888	-2.54591687257884	0.256922094933667	3	4
889	-2.40757663521725	1.9145010061277	3	4
890	-1.64608619223519	2.54988985863352	3	4
891	-1.7898194204752	1.96753978515293	3	4
892	-2.80371424769701	1.7283993153698	3	4
893	-1.97810702327081	0.761834161390181	3	4
894	-3.11557414254981	0.727851159052254	3	4
895	0.0762165968608458	3.38383358763996	3	4
896	-2.14265341196497	3.51414989286115	3	4
897	0.77722564596611	2.83534871133491	1	4
898	1.26229267002883	2.64495558158962	1	4
899	3.9575520284452	1.06300118178098	1	4
900	2.42397346220335	3.70661981436938	1	4
901	3.97021549049114	1.65939140517356	1	4
902	1.20059726911595	2.64625009592018	1	4
903	1.5706413760411	-0.926161202367888	1	4
904	1.25634454206435	2.29581359379287	1	4
905	3.73096567376053	1.6247722318352	1	4
906	0.170588131655036	3.14582360336019	1	4
907	3.13534409136774	-1.22568417160182	1	4
908	3.14663386021941	0.806804597531886	1	4
909	2.76484902441138	0.717235241067415	1	4
910	2.33509241848908	0.886438000953464	1	4
911	1.95843414875197	1.76633569405374	1	4
912	1.62464332988377	1.45400808822226	1	4
913	2.291869419954	2.85723160933051	1	4
914	1.30609767977525	0.168606764869422	1	4
915	1.7904125517372	3.49315063990996	1	4
916	0.326775918224736	1.57895392291112	1	4
917	0.801150728381282	1.52171410763848	1	4
918	4.54760052864831	2.73186169611474	1	4
919	-2.21330712659432	-3.26749209221442	1	4
920	3.21155537429365	-0.692000271966605	1	4
921	3.76736850520172	2.21643219618501	1	4
922	3.01506063085218	0.134347597414225	1	4
923	2.9759001856827	0.373354984603138	1	4
924	1.50669270629622	2.56097313201862	1	4
925	2.9902226032615	2.92803987285539	1	4
926	3.13087065724196	1.65452342498792	1	4
927	1.48295995760133	2.00836625024183	1	4
928	1.93414693525961	2.3609069998496	1	4
929	2.35852059865302	-2.14253693818047	2	4
930	-1.79165664264614	0.696997062589999	2	4
931	-1.82520093507238	0.342640257213698	2	4
932	-2.23098925620159	-1.54509685156441	2	4
933	-0.914953972370716	-1.0507666972478	2	4
934	-3.38268782712352	2.60062915775163	2	4
935	-3.47379353321538	-2.65576025327915	6	4
936	-2.2321648995997	0.808605126647057	6	4
937	0.627390511742047	1.88424902765997	5	4
938	0.222201125706645	-0.327318096512596	1	4
939	-3.18301637357559	-2.11836956715711	3	4
940	-2.28528046424407	-1.83155374492539	6	4
941	2.66374438517489	0.438329731813639	1	4
942	1.81890973023668	3.10630503254366	1	4
943	-0.688751643321512	2.67831061548565	1	4
944	-1.46032316665579	-2.54555302827064	1	4
945	1.65291942625728	-0.0273242023565844	1	4
946	3.58275947826933	2.09328427609579	1	4
947	3.50913732581884	1.50044216179696	1	4
948	2.23301875170423	2.11790703501647	1	4
949	1.69649123763007	1.85844474092161	1	4
950	2.40577524893325	-0.0262909324881848	1	4
951	2.53287539406704	0.857570742745715	1	4
952	2.01935165380841	1.80562781355161	1	4
953	1.80269506847008	0.288297875525399	1	4
954	3.03953814857334	3.64803989972325	1	4
955	0.601092345640296	0.870500867828432	1	4
956	2.59469986688392	1.07440557863227	1	4
957	1.307730721379	2.9908317617066	1	4
958	0.812087953229392	0.949566353634219	1	4
959	2.8046077571029	1.76588412241731	1	4
960	1.72778165614665	0.657018909890036	1	4
961	-0.239809066001314	-2.96304729645473	3	4
962	-1.5749452095068	0.797324900281928	3	4
963	-1.82602137303572	1.64049394762025	3	4
964	-0.448805200952442	0.968954755535708	3	4
965	-2.40511076835367	2.39189521102091	2	4
966	-1.50697699993392	-1.51057058815605	2	4
967	3.42912344545435	-0.472426152877526	2	4
968	-2.3169337418581	3.74943513024224	6	4
969	-3.12945763719153	3.5915016272911	3	4
970	-1.79218887970159	3.11467278762992	3	4
971	-0.49841184210899	-0.0851087214654023	3	4
972	3.93915722281471	-2.8423610441674	3	4
973	0.302786002304646	1.01969596650645	3	4
974	-3.41049160512926	1.10198047336491	3	4
975	2.78374214957599	-2.52836358742024	3	4
976	0.925361206319029	-1.47601385765287	3	4
977	1.38165511048111	-1.87223260982861	3	4
978	0.708704777775508	-2.04107990738247	3	4
979	1.9347789679468	-1.51158758808783	3	4
980	4.09382296338355	-1.57194816194992	3	4
981	-0.987521742327354	3.56283388897517	3	4
982	-1.04303636638905	2.6179719779979	3	4
983	-1.44524103707483	1.41671004744653	3	4
984	-2.16393479811135	1.25132508495931	3	4
985	-0.739051185456526	3.2887287234822	3	4
986	-0.0482963068143505	1.83139223839374	3	4
987	-1.84118593896313	-1.82410219068342	3	4
988	-0.523876730887795	-3.25138559311095	3	4
989	-0.976125883195892	-2.47004226032279	3	4
990	0.799353037599378	-2.49317827649181	3	4
991	-0.222807302922427	1.57348487035156	3	4
992	0.26548492696714	2.73646280631611	3	4
993	-1.25147458867405	1.52633969439214	2	4
994	-0.0217236801797088	-0.636979819429893	2	4
995	-2.9071356765994	-0.278840872445703	2	4
996	-0.314887336446288	0.386406405569103	2	4
997	-3.21753011176668	-1.69704889440478	2	4
998	1.25458290942585	-0.258798671550733	2	4
999	1.49238860325704	-2.59114353157706	2	4
1000	2.39959420421999	-2.55504140324423	2	4
1001	-3.17632697663699	-0.5801378805076	2	4
1002	3.801472129226	-2.43648821335428	2	4
1003	-2.85402447041241	-0.87461227546559	2	4
1004	-1.92177329260117	2.02285252704017	2	4
1005	2.22235366020431	-2.93046533880407	2	4
1006	3.10996345467953	-2.17337396594406	2	4
1007	-0.871219320773304	-0.291398144444835	2	4
1008	-2.10376685931012	-0.332967974743798	2	4
1009	3.48027191786923	-2.01639590160313	2	4
1010	-2.88530899338497	0.374429257137726	2	4
1011	-1.82347031323504	-0.515084472690476	2	4
1012	1.30440262112221	-3.72196990143048	2	4
1013	2.02475171347994	-0.798614846859101	2	4
1014	1.6117715246181	-1.76207672373881	2	4
1015	0.868754932077544	-1.19158739421395	2	4
1016	2.53145265696524	-1.51767285999057	2	4
1017	2.36500741215715	-0.7786885716918	2	4
1018	0.188861173424821	-2.87437719070967	2	4
1019	1.65557915099865	-2.26056290192387	2	4
1020	-0.195521392693481	0.247323333174819	2	4
1021	0.170213067668148	-0.547851836495902	2	4
1022	1.40386120831086	-1.38155957431128	2	4
1023	3.10463993870727	-2.50487364284523	2	4
1024	0.857051087893669	-2.73719210492171	2	4
