"","id","x","y","density","cell_type"
"1","tile_15853",-756,-48.4974226119286,1,"Astro"
"2","tile_15854",-744,-48.4974226119286,1,"Astro"
"3","tile_15863",-636,-48.4974226119286,1,"Astro"
"4","tile_15864",-624,-48.4974226119286,1,"Astro"
"5","tile_15869",-564,-48.4974226119286,1,"Olig2"
"6","tile_15871",-540,-48.4974226119286,1,"Astro"
"7","tile_15872",-528,-48.4974226119286,2,"Astro"
"8","tile_15873",-516,-48.4974226119286,2,"L5"
"9","tile_15874",-504,-48.4974226119286,1,"L5"
"10","tile_15875",-492,-48.4974226119286,1,"L5"
"11","tile_15876",-480,-48.4974226119286,1,"L5"
"12","tile_15878",-456,-48.4974226119286,1,"L5"
"13","tile_15879",-444,-48.4974226119286,3,"L5"
"14","tile_15881",-420,-48.4974226119286,1,"L5"
"15","tile_15882",-408,-48.4974226119286,2,"L5"
"16","tile_15883",-396,-48.4974226119286,1,"L5"
"17","tile_15884",-384,-48.4974226119286,2,"L5"
"18","tile_15885",-372,-48.4974226119286,1,"L5"
"19","tile_15886",-360,-48.4974226119286,2,"L5"
"20","tile_15887",-348,-48.4974226119286,2,"L5"
"21","tile_15892",-288,-48.4974226119286,1,"L5"
"22","tile_15893",-276,-48.4974226119286,4,"L5"
"23","tile_15896",-240,-48.4974226119286,1,"L5"
"24","tile_15897",-228,-48.4974226119286,1,"L5"
"25","tile_15898",-216,-48.4974226119286,1,"L5"
"26","tile_15899",-204,-48.4974226119286,1,"L5"
"27","tile_15900",-192,-48.4974226119286,1,"L5"
"28","tile_15908",-96,-48.4974226119286,2,"L5"
"29","tile_15909",-84,-48.4974226119286,1,"L5"
"30","tile_15911",-60,-48.4974226119286,1,"L4"
"31","tile_15912",-48,-48.4974226119286,1,"L4"
"32","tile_15916",0,-48.4974226119286,1,"L5"
"33","tile_15919",36,-48.4974226119286,1,"L4"
"34","tile_15922",72,-48.4974226119286,1,"L5"
"35","tile_15924",96,-48.4974226119286,1,"L4"
"36","tile_15926",120,-48.4974226119286,1,"L5"
"37","tile_15928",144,-48.4974226119286,1,"L4"
"38","tile_15930",168,-48.4974226119286,1,"L4"
"39","tile_15934",216,-48.4974226119286,1,"L4"
"40","tile_15936",240,-48.4974226119286,1,"L4"
"41","tile_15937",252,-48.4974226119286,1,"L4"
"42","tile_15961",540,-48.4974226119286,1,"L4"
"43","tile_15994",-732,-41.5692193816531,1,"Astro"
"44","tile_16004",-612,-41.5692193816531,1,"Astro"
"45","tile_16005",-600,-41.5692193816531,2,"L5"
"46","tile_16007",-576,-41.5692193816531,1,"Olig2"
"47","tile_16008",-564,-41.5692193816531,2,"L5"
"48","tile_16009",-552,-41.5692193816531,1,"L5"
"49","tile_16010",-540,-41.5692193816531,1,"Olig2"
"50","tile_16011",-528,-41.5692193816531,2,"L5"
"51","tile_16012",-516,-41.5692193816531,1,"Olig2"
"52","tile_16013",-504,-41.5692193816531,1,"L5"
"53","tile_16014",-492,-41.5692193816531,1,"L5"
"54","tile_16017",-456,-41.5692193816531,2,"L5"
"55","tile_16018",-444,-41.5692193816531,3,"L5"
"56","tile_16021",-408,-41.5692193816531,1,"L5"
"57","tile_16023",-384,-41.5692193816531,1,"L5"
"58","tile_16025",-360,-41.5692193816531,1,"L5"
"59","tile_16026",-348,-41.5692193816531,2,"L5"
"60","tile_16027",-336,-41.5692193816531,2,"L5"
"61","tile_16028",-324,-41.5692193816531,1,"L5"
"62","tile_16030",-300,-41.5692193816531,1,"L5"
"63","tile_16032",-276,-41.5692193816531,1,"L5"
"64","tile_16033",-264,-41.5692193816531,1,"L5"
"65","tile_16034",-252,-41.5692193816531,1,"L5"
"66","tile_16035",-240,-41.5692193816531,2,"L5"
"67","tile_16036",-228,-41.5692193816531,3,"L5"
"68","tile_16037",-216,-41.5692193816531,1,"L5"
"69","tile_16038",-204,-41.5692193816531,1,"L5"
"70","tile_16039",-192,-41.5692193816531,2,"L5"
"71","tile_16040",-180,-41.5692193816531,2,"L5"
"72","tile_16041",-168,-41.5692193816531,1,"L6"
"73","tile_16043",-144,-41.5692193816531,1,"L5"
"74","tile_16044",-132,-41.5692193816531,1,"L5"
"75","tile_16046",-108,-41.5692193816531,3,"L5"
"76","tile_16047",-96,-41.5692193816531,1,"L5"
"77","tile_16049",-72,-41.5692193816531,1,"intermediate"
"78","tile_16051",-48,-41.5692193816531,1,"L5"
"79","tile_16053",-24,-41.5692193816531,2,"L5"
"80","tile_16054",-12,-41.5692193816531,1,"L5"
"81","tile_16062",84,-41.5692193816531,1,"L5"
"82","tile_16063",96,-41.5692193816531,1,"L5"
"83","tile_16065",120,-41.5692193816531,1,"L4"
"84","tile_16066",132,-41.5692193816531,1,"L4"
"85","tile_16068",156,-41.5692193816531,1,"L4"
"86","tile_16069",168,-41.5692193816531,1,"L4"
"87","tile_16070",180,-41.5692193816531,1,"L4"
"88","tile_16071",192,-41.5692193816531,1,"L4"
"89","tile_16078",276,-41.5692193816531,1,"L4"
"90","tile_16079",288,-41.5692193816531,1,"L6"
"91","tile_16081",312,-41.5692193816531,1,"L4"
"92","tile_16082",324,-41.5692193816531,3,"L4"
"93","tile_16084",348,-41.5692193816531,2,"L4"
"94","tile_16088",396,-41.5692193816531,1,"L4"
"95","tile_16090",420,-41.5692193816531,1,"L4"
"96","tile_16092",444,-41.5692193816531,1,"Olig1"
"97","tile_16093",456,-41.5692193816531,1,"L4"
"98","tile_16095",480,-41.5692193816531,1,"L4"
"99","tile_16098",516,-41.5692193816531,2,"L4"
"100","tile_16104",588,-41.5692193816531,1,"L6"
"101","tile_16116",732,-41.5692193816531,1,"L6"
"102","tile_16128",-792,-34.6410161513775,1,"Olig2"
"103","tile_16130",-768,-34.6410161513775,1,"Olig2"
"104","tile_16131",-756,-34.6410161513775,1,"Astro"
"105","tile_16136",-696,-34.6410161513775,1,"Astro"
"106","tile_16141",-636,-34.6410161513775,1,"L2/3"
"107","tile_16142",-624,-34.6410161513775,1,"Astro"
"108","tile_16143",-612,-34.6410161513775,1,"Olig2"
"109","tile_16144",-600,-34.6410161513775,3,"L5"
"110","tile_16145",-588,-34.6410161513775,3,"Astro"
"111","tile_16147",-564,-34.6410161513775,1,"Astro"
"112","tile_16148",-552,-34.6410161513775,2,"Astro"
"113","tile_16149",-540,-34.6410161513775,2,"L5"
"114","tile_16151",-516,-34.6410161513775,3,"L5"
"115","tile_16152",-504,-34.6410161513775,1,"L5"
"116","tile_16153",-492,-34.6410161513775,2,"Astro"
"117","tile_16155",-468,-34.6410161513775,2,"L5"
"118","tile_16156",-456,-34.6410161513775,2,"L5"
"119","tile_16158",-432,-34.6410161513775,3,"Astro"
"120","tile_16159",-420,-34.6410161513775,1,"L5"
"121","tile_16162",-384,-34.6410161513775,1,"L5"
"122","tile_16164",-360,-34.6410161513775,3,"L5"
"123","tile_16165",-348,-34.6410161513775,3,"L5"
"124","tile_16166",-336,-34.6410161513775,5,"L5"
"125","tile_16168",-312,-34.6410161513775,2,"L5"
"126","tile_16169",-300,-34.6410161513775,2,"L5"
"127","tile_16170",-288,-34.6410161513775,3,"L5"
"128","tile_16171",-276,-34.6410161513775,3,"L5"
"129","tile_16172",-264,-34.6410161513775,1,"L5"
"130","tile_16174",-240,-34.6410161513775,1,"L5"
"131","tile_16175",-228,-34.6410161513775,1,"L5"
"132","tile_16176",-216,-34.6410161513775,3,"L5"
"133","tile_16177",-204,-34.6410161513775,2,"L5"
"134","tile_16179",-180,-34.6410161513775,1,"L5"
"135","tile_16180",-168,-34.6410161513775,1,"L5"
"136","tile_16181",-156,-34.6410161513775,1,"L5"
"137","tile_16182",-144,-34.6410161513775,2,"intermediate"
"138","tile_16185",-108,-34.6410161513775,1,"L5"
"139","tile_16186",-96,-34.6410161513775,1,"L5"
"140","tile_16187",-84,-34.6410161513775,1,"L5"
"141","tile_16188",-72,-34.6410161513775,1,"L6"
"142","tile_16189",-60,-34.6410161513775,1,"L5"
"143","tile_16191",-36,-34.6410161513775,2,"L5"
"144","tile_16193",-12,-34.6410161513775,1,"L4"
"145","tile_16195",12,-34.6410161513775,1,"L5"
"146","tile_16196",24,-34.6410161513775,1,"L5"
"147","tile_16197",36,-34.6410161513775,2,"L5"
"148","tile_16198",48,-34.6410161513775,3,"L5"
"149","tile_16200",72,-34.6410161513775,2,"L5"
"150","tile_16201",84,-34.6410161513775,1,"L4"
"151","tile_16202",96,-34.6410161513775,1,"L4"
"152","tile_16203",108,-34.6410161513775,2,"L4"
"153","tile_16204",120,-34.6410161513775,2,"L5"
"154","tile_16206",144,-34.6410161513775,2,"L4"
"155","tile_16214",240,-34.6410161513775,1,"L4"
"156","tile_16216",264,-34.6410161513775,1,"L4"
"157","tile_16217",276,-34.6410161513775,2,"L4"
"158","tile_16218",288,-34.6410161513775,1,"L5"
"159","tile_16219",300,-34.6410161513775,1,"L4"
"160","tile_16220",312,-34.6410161513775,1,"L4"
"161","tile_16221",324,-34.6410161513775,2,"L4"
"162","tile_16222",336,-34.6410161513775,1,"L4"
"163","tile_16224",360,-34.6410161513775,2,"L4"
"164","tile_16225",372,-34.6410161513775,2,"L4"
"165","tile_16228",408,-34.6410161513775,3,"L6"
"166","tile_16232",456,-34.6410161513775,2,"L4"
"167","tile_16233",468,-34.6410161513775,1,"L4"
"168","tile_16237",516,-34.6410161513775,1,"L4"
"169","tile_16238",528,-34.6410161513775,1,"L4"
"170","tile_16239",540,-34.6410161513775,2,"Olig1"
"171","tile_16242",576,-34.6410161513775,1,"L6"
"172","tile_16244",600,-34.6410161513775,1,"L6"
"173","tile_16245",612,-34.6410161513775,1,"L5"
"174","tile_16248",648,-34.6410161513775,1,"L4"
"175","tile_16249",660,-34.6410161513775,1,"L5"
"176","tile_16256",744,-34.6410161513775,1,"PV"
"177","tile_16265",-816,-27.712812921102,1,"Astro"
"178","tile_16272",-732,-27.712812921102,1,"Astro"
"179","tile_16284",-588,-27.712812921102,1,"Astro"
"180","tile_16285",-576,-27.712812921102,1,"Olig2"
"181","tile_16290",-516,-27.712812921102,1,"L5"
"182","tile_16293",-480,-27.712812921102,1,"L2/3"
"183","tile_16295",-456,-27.712812921102,1,"L5"
"184","tile_16296",-444,-27.712812921102,1,"Astro"
"185","tile_16301",-384,-27.712812921102,1,"L2/3"
"186","tile_16306",-324,-27.712812921102,1,"L5"
"187","tile_16307",-312,-27.712812921102,1,"L5"
"188","tile_16310",-276,-27.712812921102,1,"L5"
"189","tile_16311",-264,-27.712812921102,2,"L5"
"190","tile_16313",-240,-27.712812921102,1,"L5"
"191","tile_16316",-204,-27.712812921102,1,"L5"
"192","tile_16317",-192,-27.712812921102,1,"L5"
"193","tile_16330",-36,-27.712812921102,1,"PV"
"194","tile_16334",12,-27.712812921102,1,"L5"
"195","tile_16336",36,-27.712812921102,1,"L5"
"196","tile_16337",48,-27.712812921102,1,"L5"
"197","tile_16339",72,-27.712812921102,1,"L5"
"198","tile_16340",84,-27.712812921102,1,"L5"
"199","tile_16341",96,-27.712812921102,1,"L4"
"200","tile_16342",108,-27.712812921102,2,"L5"
"201","tile_16344",132,-27.712812921102,2,"L4"
"202","tile_16345",144,-27.712812921102,1,"L5"
"203","tile_16346",156,-27.712812921102,2,"L4"
"204","tile_16347",168,-27.712812921102,2,"L4"
"205","tile_16348",180,-27.712812921102,1,"L4"
"206","tile_16350",204,-27.712812921102,1,"L4"
"207","tile_16354",252,-27.712812921102,2,"intermediate"
"208","tile_16355",264,-27.712812921102,2,"L4"
"209","tile_16357",288,-27.712812921102,1,"PV"
"210","tile_16361",336,-27.712812921102,1,"Olig1"
"211","tile_16362",348,-27.712812921102,2,"L4"
"212","tile_16364",372,-27.712812921102,1,"L4"
"213","tile_16365",384,-27.712812921102,1,"L4"
"214","tile_16366",396,-27.712812921102,1,"L4"
"215","tile_16368",420,-27.712812921102,1,"L4"
"216","tile_16369",432,-27.712812921102,3,"L4"
"217","tile_16370",444,-27.712812921102,1,"L4"
"218","tile_16371",456,-27.712812921102,2,"L4"
"219","tile_16372",468,-27.712812921102,2,"L4"
"220","tile_16373",480,-27.712812921102,1,"L4"
"221","tile_16374",492,-27.712812921102,1,"Olig1"
"222","tile_16375",504,-27.712812921102,1,"L6"
"223","tile_16376",516,-27.712812921102,1,"L4"
"224","tile_16377",528,-27.712812921102,1,"L5"
"225","tile_16378",540,-27.712812921102,2,"L4"
"226","tile_16379",552,-27.712812921102,1,"L4"
"227","tile_16382",588,-27.712812921102,1,"PV"
"228","tile_16384",612,-27.712812921102,2,"L4"
"229","tile_16386",636,-27.712812921102,1,"L5"
"230","tile_16387",648,-27.712812921102,3,"L5"
"231","tile_16388",660,-27.712812921102,2,"L5"
"232","tile_16389",672,-27.712812921102,2,"L4"
"233","tile_16390",684,-27.712812921102,2,"L4"
"234","tile_16391",696,-27.712812921102,2,"L4"
"235","tile_16393",720,-27.712812921102,2,"Olig1"
"236","tile_16394",732,-27.712812921102,1,"intermediate"
"237","tile_16395",744,-27.712812921102,1,"L4"
"238","tile_16397",768,-27.712812921102,1,"L4"
"239","tile_16398",780,-27.712812921102,2,"L5"
"240","tile_16409",-756,-20.7846096908265,1,"Olig2"
"241","tile_16418",-648,-20.7846096908265,1,"Olig2"
"242","tile_16419",-636,-20.7846096908265,1,"Olig2"
"243","tile_16420",-624,-20.7846096908265,2,"Astro"
"244","tile_16421",-612,-20.7846096908265,2,"Astro"
"245","tile_16422",-600,-20.7846096908265,1,"Astro"
"246","tile_16445",-324,-20.7846096908265,1,"L4"
"247","tile_16446",-312,-20.7846096908265,1,"L5"
"248","tile_16447",-300,-20.7846096908265,1,"L5"
"249","tile_16448",-288,-20.7846096908265,1,"L2/3"
"250","tile_16455",-204,-20.7846096908265,1,"L4"
"251","tile_16458",-168,-20.7846096908265,2,"L6"
"252","tile_16459",-156,-20.7846096908265,1,"L5"
"253","tile_16460",-144,-20.7846096908265,1,"L5"
"254","tile_16462",-120,-20.7846096908265,1,"L5"
"255","tile_16465",-84,-20.7846096908265,1,"L5"
"256","tile_16468",-48,-20.7846096908265,2,"L5"
"257","tile_16476",48,-20.7846096908265,1,"L5"
"258","tile_16481",108,-20.7846096908265,1,"L4"
"259","tile_16483",132,-20.7846096908265,1,"L5"
"260","tile_16487",180,-20.7846096908265,1,"L4"
"261","tile_16490",216,-20.7846096908265,1,"L4"
"262","tile_16493",252,-20.7846096908265,1,"L4"
"263","tile_16496",288,-20.7846096908265,1,"L4"
"264","tile_16503",372,-20.7846096908265,1,"L4"
"265","tile_16504",384,-20.7846096908265,1,"L4"
"266","tile_16505",396,-20.7846096908265,2,"L4"
"267","tile_16506",408,-20.7846096908265,1,"L4"
"268","tile_16509",444,-20.7846096908265,1,"L4"
"269","tile_16511",468,-20.7846096908265,1,"L4"
"270","tile_16513",492,-20.7846096908265,1,"Olig1"
"271","tile_16516",528,-20.7846096908265,2,"L5"
"272","tile_16519",564,-20.7846096908265,1,"Olig1"
"273","tile_16520",576,-20.7846096908265,2,"Olig1"
"274","tile_16521",588,-20.7846096908265,1,"L6"
"275","tile_16522",600,-20.7846096908265,1,"L6"
"276","tile_16523",612,-20.7846096908265,3,"L4"
"277","tile_16524",624,-20.7846096908265,1,"L4"
"278","tile_16526",648,-20.7846096908265,1,"L4"
"279","tile_16527",660,-20.7846096908265,1,"L4"
"280","tile_16528",672,-20.7846096908265,2,"L4"
"281","tile_16532",720,-20.7846096908265,1,"L6"
"282","tile_16533",732,-20.7846096908265,1,"PV"
"283","tile_16534",744,-20.7846096908265,3,"L5"
"284","tile_16536",768,-20.7846096908265,1,"L4"
"285","tile_16537",780,-20.7846096908265,1,"L6"
"286","tile_16538",792,-20.7846096908265,1,"L4"
"287","tile_16546",-780,-13.856406460551,1,"Olig2"
"288","tile_16549",-744,-13.856406460551,1,"Astro"
"289","tile_16565",-552,-13.856406460551,1,"Astro"
"290","tile_16571",-480,-13.856406460551,2,"L2/3"
"291","tile_16574",-444,-13.856406460551,1,"L5"
"292","tile_16575",-432,-13.856406460551,1,"L5"
"293","tile_16577",-408,-13.856406460551,1,"L5"
"294","tile_16578",-396,-13.856406460551,1,"L6"
"295","tile_16580",-372,-13.856406460551,2,"L5"
"296","tile_16581",-360,-13.856406460551,1,"L5"
"297","tile_16582",-348,-13.856406460551,1,"L5"
"298","tile_16584",-324,-13.856406460551,1,"L2/3"
"299","tile_16585",-312,-13.856406460551,1,"L2/3"
"300","tile_16588",-276,-13.856406460551,1,"L6"
"301","tile_16591",-240,-13.856406460551,1,"L5"
"302","tile_16594",-204,-13.856406460551,1,"L5"
"303","tile_16596",-180,-13.856406460551,2,"L5"
"304","tile_16603",-96,-13.856406460551,1,"L6"
"305","tile_16608",-36,-13.856406460551,1,"L6"
"306","tile_16615",48,-13.856406460551,1,"L5"
"307","tile_16616",60,-13.856406460551,1,"L5"
"308","tile_16617",72,-13.856406460551,2,"L4"
"309","tile_16618",84,-13.856406460551,1,"Olig1"
"310","tile_16621",120,-13.856406460551,1,"L5"
"311","tile_16625",168,-13.856406460551,1,"PV"
"312","tile_16626",180,-13.856406460551,1,"L4"
"313","tile_16628",204,-13.856406460551,2,"L4"
"314","tile_16629",216,-13.856406460551,1,"PV"
"315","tile_16630",228,-13.856406460551,2,"L4"
"316","tile_16631",240,-13.856406460551,1,"L5"
"317","tile_16633",264,-13.856406460551,1,"PV"
"318","tile_16634",276,-13.856406460551,1,"PV"
"319","tile_16635",288,-13.856406460551,1,"PV"
"320","tile_16641",360,-13.856406460551,1,"L6"
"321","tile_16644",396,-13.856406460551,1,"Olig1"
"322","tile_16645",408,-13.856406460551,1,"L4"
"323","tile_16646",420,-13.856406460551,2,"L4"
"324","tile_16648",444,-13.856406460551,3,"L4"
"325","tile_16649",456,-13.856406460551,1,"L4"
"326","tile_16652",492,-13.856406460551,3,"L4"
"327","tile_16654",516,-13.856406460551,1,"L4"
"328","tile_16655",528,-13.856406460551,1,"L4"
"329","tile_16656",540,-13.856406460551,2,"L4"
"330","tile_16657",552,-13.856406460551,1,"L6"
"331","tile_16658",564,-13.856406460551,2,"Olig1"
"332","tile_16659",576,-13.856406460551,1,"L4"
"333","tile_16660",588,-13.856406460551,1,"L6"
"334","tile_16661",600,-13.856406460551,1,"L4"
"335","tile_16662",612,-13.856406460551,4,"L6"
"336","tile_16663",624,-13.856406460551,3,"L4"
"337","tile_16664",636,-13.856406460551,3,"PV"
"338","tile_16665",648,-13.856406460551,1,"L6"
"339","tile_16666",660,-13.856406460551,1,"Olig1"
"340","tile_16667",672,-13.856406460551,1,"PV"
"341","tile_16668",684,-13.856406460551,1,"PV"
"342","tile_16669",696,-13.856406460551,1,"Olig1"
"343","tile_16672",732,-13.856406460551,1,"Olig1"
"344","tile_16674",756,-13.856406460551,1,"L6"
"345","tile_16675",768,-13.856406460551,2,"L6"
"346","tile_16677",792,-13.856406460551,1,"Olig1"
"347","tile_16694",-672,-6.92820323027551,1,"Astro"
"348","tile_16697",-636,-6.92820323027551,2,"Astro"
"349","tile_16698",-624,-6.92820323027551,1,"Astro"
"350","tile_16701",-588,-6.92820323027551,1,"Astro"
"351","tile_16708",-504,-6.92820323027551,1,"L2/3"
"352","tile_16709",-492,-6.92820323027551,1,"L2/3"
"353","tile_16713",-444,-6.92820323027551,1,"Astro"
"354","tile_16716",-408,-6.92820323027551,1,"L2/3"
"355","tile_16720",-360,-6.92820323027551,1,"L2/3"
"356","tile_16722",-336,-6.92820323027551,1,"L5"
"357","tile_16724",-312,-6.92820323027551,1,"L5"
"358","tile_16725",-300,-6.92820323027551,1,"L6"
"359","tile_16730",-240,-6.92820323027551,1,"L6"
"360","tile_16731",-228,-6.92820323027551,1,"L5"
"361","tile_16732",-216,-6.92820323027551,1,"L2/3"
"362","tile_16736",-168,-6.92820323027551,2,"L5"
"363","tile_16739",-132,-6.92820323027551,2,"L4"
"364","tile_16741",-108,-6.92820323027551,1,"L2/3"
"365","tile_16746",-48,-6.92820323027551,1,"L6"
"366","tile_16755",60,-6.92820323027551,1,"L2/3"
"367","tile_16756",72,-6.92820323027551,1,"L2/3"
"368","tile_16757",84,-6.92820323027551,1,"L4"
"369","tile_16759",108,-6.92820323027551,2,"L4"
"370","tile_16761",132,-6.92820323027551,1,"L4"
"371","tile_16768",216,-6.92820323027551,2,"L4"
"372","tile_16773",276,-6.92820323027551,1,"L4"
"373","tile_16776",312,-6.92820323027551,1,"L4"
"374","tile_16780",360,-6.92820323027551,3,"L4"
"375","tile_16784",408,-6.92820323027551,1,"L4"
"376","tile_16785",420,-6.92820323027551,2,"Olig1"
"377","tile_16786",432,-6.92820323027551,1,"L4"
"378","tile_16788",456,-6.92820323027551,1,"L4"
"379","tile_16791",492,-6.92820323027551,2,"L6"
"380","tile_16793",516,-6.92820323027551,1,"Olig1"
"381","tile_16794",528,-6.92820323027551,2,"intermediate"
"382","tile_16796",552,-6.92820323027551,2,"L5"
"383","tile_16798",576,-6.92820323027551,2,"L5"
"384","tile_16799",588,-6.92820323027551,3,"L6"
"385","tile_16800",600,-6.92820323027551,4,"PV"
"386","tile_16801",612,-6.92820323027551,1,"L6"
"387","tile_16802",624,-6.92820323027551,3,"Olig1"
"388","tile_16803",636,-6.92820323027551,4,"L6"
"389","tile_16804",648,-6.92820323027551,2,"L6"
"390","tile_16805",660,-6.92820323027551,2,"L6"
"391","tile_16806",672,-6.92820323027551,2,"Olig1"
"392","tile_16807",684,-6.92820323027551,2,"L4"
"393","tile_16808",696,-6.92820323027551,1,"Olig1"
"394","tile_16809",708,-6.92820323027551,2,"Olig1"
"395","tile_16810",720,-6.92820323027551,1,"Olig1"
"396","tile_16811",732,-6.92820323027551,1,"L4"
"397","tile_16812",744,-6.92820323027551,2,"Olig1"
"398","tile_16813",756,-6.92820323027551,2,"L5"
"399","tile_16814",768,-6.92820323027551,2,"L6"
"400","tile_16816",792,-6.92820323027551,1,"L6"
"401","tile_16837",-624,-6.66133814775094e-16,1,"Olig2"
"402","tile_16840",-588,-6.66133814775094e-16,1,"Astro"
"403","tile_16841",-576,-6.66133814775094e-16,2,"Olig2"
"404","tile_16844",-540,-6.66133814775094e-16,1,"L6"
"405","tile_16845",-528,-6.66133814775094e-16,1,"L2/3"
"406","tile_16847",-504,-6.66133814775094e-16,1,"L2/3"
"407","tile_16849",-480,-6.66133814775094e-16,1,"L2/3"
"408","tile_16851",-456,-6.66133814775094e-16,1,"L2/3"
"409","tile_16852",-444,-6.66133814775094e-16,1,"L2/3"
"410","tile_16853",-432,-6.66133814775094e-16,1,"L5"
"411","tile_16860",-348,-6.66133814775094e-16,3,"L2/3"
"412","tile_16861",-336,-6.66133814775094e-16,2,"L2/3"
"413","tile_16862",-324,-6.66133814775094e-16,1,"L5"
"414","tile_16863",-312,-6.66133814775094e-16,2,"L2/3"
"415","tile_16864",-300,-6.66133814775094e-16,1,"L5"
"416","tile_16866",-276,-6.66133814775094e-16,1,"L2/3"
"417","tile_16869",-240,-6.66133814775094e-16,2,"L2/3"
"418","tile_16870",-228,-6.66133814775094e-16,1,"L2/3"
"419","tile_16871",-216,-6.66133814775094e-16,1,"L5"
"420","tile_16872",-204,-6.66133814775094e-16,2,"L5"
"421","tile_16876",-156,-6.66133814775094e-16,1,"L5"
"422","tile_16877",-144,-6.66133814775094e-16,2,"L2/3"
"423","tile_16881",-96,-6.66133814775094e-16,2,"intermediate"
"424","tile_16887",-24,-6.66133814775094e-16,1,"L6"
"425","tile_16889",0,-6.66133814775094e-16,1,"L5"
"426","tile_16900",132,-6.66133814775094e-16,1,"L4"
"427","tile_16902",156,-6.66133814775094e-16,1,"Olig1"
"428","tile_16903",168,-6.66133814775094e-16,1,"L4"
"429","tile_16908",228,-6.66133814775094e-16,1,"L6"
"430","tile_16909",240,-6.66133814775094e-16,2,"L4"
"431","tile_16910",252,-6.66133814775094e-16,1,"PV"
"432","tile_16911",264,-6.66133814775094e-16,2,"L4"
"433","tile_16926",444,-6.66133814775094e-16,2,"L4"
"434","tile_16928",468,-6.66133814775094e-16,1,"L6"
"435","tile_16934",540,-6.66133814775094e-16,3,"L5"
"436","tile_16935",552,-6.66133814775094e-16,1,"L4"
"437","tile_16936",564,-6.66133814775094e-16,5,"Olig1"
"438","tile_16937",576,-6.66133814775094e-16,2,"L6"
"439","tile_16938",588,-6.66133814775094e-16,1,"Olig1"
"440","tile_16939",600,-6.66133814775094e-16,1,"L4"
"441","tile_16940",612,-6.66133814775094e-16,2,"Olig1"
"442","tile_16941",624,-6.66133814775094e-16,5,"PV"
"443","tile_16942",636,-6.66133814775094e-16,3,"Olig1"
"444","tile_16943",648,-6.66133814775094e-16,4,"Olig1"
"445","tile_16944",660,-6.66133814775094e-16,1,"L6"
"446","tile_16945",672,-6.66133814775094e-16,4,"L5"
"447","tile_16946",684,-6.66133814775094e-16,3,"Olig1"
"448","tile_16947",696,-6.66133814775094e-16,1,"L6"
"449","tile_16949",720,-6.66133814775094e-16,1,"Olig1"
"450","tile_16951",744,-6.66133814775094e-16,2,"Olig1"
"451","tile_16952",756,-6.66133814775094e-16,1,"Olig1"
"452","tile_16955",792,-6.66133814775094e-16,2,"PV"
"453","tile_16956",804,-6.66133814775094e-16,1,"Olig1"
"454","tile_16958",828,-6.66133814775094e-16,1,"Olig1"
"455","tile_16964",-768,6.92820323027551,1,"Olig2"
"456","tile_16965",-756,6.92820323027551,1,"Olig2"
"457","tile_16968",-720,6.92820323027551,1,"Olig2"
"458","tile_16969",-708,6.92820323027551,1,"Astro"
"459","tile_16971",-684,6.92820323027551,1,"Olig2"
"460","tile_16974",-648,6.92820323027551,1,"Astro"
"461","tile_16975",-636,6.92820323027551,2,"Olig2"
"462","tile_16976",-624,6.92820323027551,1,"Olig2"
"463","tile_16977",-612,6.92820323027551,1,"Astro"
"464","tile_16983",-540,6.92820323027551,1,"Olig2"
"465","tile_16984",-528,6.92820323027551,1,"Olig2"
"466","tile_16989",-468,6.92820323027551,1,"L5"
"467","tile_16990",-456,6.92820323027551,1,"L5"
"468","tile_16995",-396,6.92820323027551,1,"L2/3"
"469","tile_17000",-336,6.92820323027551,1,"L2/3"
"470","tile_17001",-324,6.92820323027551,1,"L6"
"471","tile_17002",-312,6.92820323027551,3,"L5"
"472","tile_17012",-192,6.92820323027551,1,"L5"
"473","tile_17016",-144,6.92820323027551,1,"L5"
"474","tile_17024",-48,6.92820323027551,1,"L2/3"
"475","tile_17026",-24,6.92820323027551,1,"L5"
"476","tile_17027",-12,6.92820323027551,1,"L5"
"477","tile_17029",12,6.92820323027551,2,"L2/3"
"478","tile_17035",84,6.92820323027551,2,"L4"
"479","tile_17037",108,6.92820323027551,1,"PV"
"480","tile_17038",120,6.92820323027551,1,"L6"
"481","tile_17039",132,6.92820323027551,1,"L4"
"482","tile_17040",144,6.92820323027551,1,"L4"
"483","tile_17042",168,6.92820323027551,2,"L6"
"484","tile_17043",180,6.92820323027551,1,"L4"
"485","tile_17046",216,6.92820323027551,1,"PV"
"486","tile_17047",228,6.92820323027551,1,"L2/3"
"487","tile_17048",240,6.92820323027551,2,"L6"
"488","tile_17049",252,6.92820323027551,2,"PV"
"489","tile_17051",276,6.92820323027551,2,"L4"
"490","tile_17056",336,6.92820323027551,1,"L4"
"491","tile_17057",348,6.92820323027551,1,"L4"
"492","tile_17058",360,6.92820323027551,1,"PV"
"493","tile_17059",372,6.92820323027551,1,"PV"
"494","tile_17061",396,6.92820323027551,1,"Olig1"
"495","tile_17069",492,6.92820323027551,1,"Olig1"
"496","tile_17071",516,6.92820323027551,2,"L4"
"497","tile_17076",576,6.92820323027551,1,"Olig1"
"498","tile_17077",588,6.92820323027551,1,"Olig1"
"499","tile_17079",612,6.92820323027551,1,"PV"
"500","tile_17080",624,6.92820323027551,2,"PV"
"501","tile_17087",708,6.92820323027551,2,"L6"
"502","tile_17088",720,6.92820323027551,2,"L5"
"503","tile_17089",732,6.92820323027551,1,"PV"
"504","tile_17091",756,6.92820323027551,1,"Olig1"
"505","tile_17092",768,6.92820323027551,1,"Olig1"
"506","tile_17104",-756,13.856406460551,1,"Olig2"
"507","tile_17106",-732,13.856406460551,1,"Olig2"
"508","tile_17114",-636,13.856406460551,3,"Olig2"
"509","tile_17115",-624,13.856406460551,1,"Astro"
"510","tile_17117",-600,13.856406460551,1,"L5"
"511","tile_17120",-564,13.856406460551,1,"L2/3"
"512","tile_17121",-552,13.856406460551,2,"L2/3"
"513","tile_17123",-528,13.856406460551,1,"Olig2"
"514","tile_17124",-516,13.856406460551,1,"L2/3"
"515","tile_17126",-492,13.856406460551,2,"L2/3"
"516","tile_17129",-456,13.856406460551,1,"L2/3"
"517","tile_17131",-432,13.856406460551,1,"L2/3"
"518","tile_17132",-420,13.856406460551,1,"L5"
"519","tile_17134",-396,13.856406460551,1,"L2/3"
"520","tile_17140",-324,13.856406460551,1,"L2/3"
"521","tile_17143",-288,13.856406460551,1,"L5"
"522","tile_17144",-276,13.856406460551,2,"L2/3"
"523","tile_17145",-264,13.856406460551,2,"L2/3"
"524","tile_17146",-252,13.856406460551,1,"L5"
"525","tile_17147",-240,13.856406460551,1,"L6"
"526","tile_17148",-228,13.856406460551,2,"L5"
"527","tile_17149",-216,13.856406460551,2,"L6"
"528","tile_17150",-204,13.856406460551,3,"L2/3"
"529","tile_17151",-192,13.856406460551,1,"L2/3"
"530","tile_17152",-180,13.856406460551,1,"L6"
"531","tile_17153",-168,13.856406460551,1,"L5"
"532","tile_17154",-156,13.856406460551,2,"L2/3"
"533","tile_17156",-132,13.856406460551,1,"L6"
"534","tile_17162",-60,13.856406460551,1,"L5"
"535","tile_17163",-48,13.856406460551,2,"L2/3"
"536","tile_17165",-24,13.856406460551,1,"L2/3"
"537","tile_17174",84,13.856406460551,2,"L4"
"538","tile_17178",132,13.856406460551,1,"Olig1"
"539","tile_17179",144,13.856406460551,1,"PV"
"540","tile_17180",156,13.856406460551,1,"L2/3"
"541","tile_17183",192,13.856406460551,1,"Olig1"
"542","tile_17188",252,13.856406460551,1,"L5"
"543","tile_17190",276,13.856406460551,2,"L4"
"544","tile_17192",300,13.856406460551,1,"Olig1"
"545","tile_17202",420,13.856406460551,1,"Olig1"
"546","tile_17206",468,13.856406460551,2,"L4"
"547","tile_17207",480,13.856406460551,2,"L5"
"548","tile_17210",516,13.856406460551,1,"Olig1"
"549","tile_17211",528,13.856406460551,1,"PV"
"550","tile_17212",540,13.856406460551,1,"L4"
"551","tile_17215",576,13.856406460551,1,"PV"
"552","tile_17216",588,13.856406460551,2,"L5"
"553","tile_17217",600,13.856406460551,1,"PV"
"554","tile_17218",612,13.856406460551,2,"L5"
"555","tile_17219",624,13.856406460551,1,"Olig1"
"556","tile_17220",636,13.856406460551,2,"Olig1"
"557","tile_17221",648,13.856406460551,2,"PV"
"558","tile_17223",672,13.856406460551,1,"PV"
"559","tile_17228",732,13.856406460551,1,"L5"
"560","tile_17229",744,13.856406460551,2,"L5"
"561","tile_17230",756,13.856406460551,1,"L5"
"562","tile_17232",780,13.856406460551,1,"Olig1"
"563","tile_17248",-696,20.7846096908265,1,"Olig2"
"564","tile_17253",-636,20.7846096908265,1,"Astro"
"565","tile_17258",-576,20.7846096908265,1,"Olig2"
"566","tile_17260",-552,20.7846096908265,4,"L2/3"
"567","tile_17262",-528,20.7846096908265,2,"L5"
"568","tile_17268",-456,20.7846096908265,1,"L2/3"
"569","tile_17273",-396,20.7846096908265,1,"L2/3"
"570","tile_17275",-372,20.7846096908265,1,"L2/3"
"571","tile_17277",-348,20.7846096908265,1,"L2/3"
"572","tile_17284",-264,20.7846096908265,1,"L2/3"
"573","tile_17285",-252,20.7846096908265,3,"L6"
"574","tile_17286",-240,20.7846096908265,1,"L5"
"575","tile_17287",-228,20.7846096908265,1,"L6"
"576","tile_17288",-216,20.7846096908265,1,"L2/3"
"577","tile_17293",-156,20.7846096908265,1,"L5"
"578","tile_17295",-132,20.7846096908265,1,"L6"
"579","tile_17296",-120,20.7846096908265,1,"L2/3"
"580","tile_17297",-108,20.7846096908265,1,"L2/3"
"581","tile_17298",-96,20.7846096908265,1,"L6"
"582","tile_17299",-84,20.7846096908265,2,"L2/3"
"583","tile_17300",-72,20.7846096908265,2,"intermediate"
"584","tile_17302",-48,20.7846096908265,2,"L5"
"585","tile_17303",-36,20.7846096908265,1,"L2/3"
"586","tile_17304",-24,20.7846096908265,1,"L2/3"
"587","tile_17307",12,20.7846096908265,1,"L4"
"588","tile_17308",24,20.7846096908265,1,"L6"
"589","tile_17311",60,20.7846096908265,3,"L4"
"590","tile_17312",72,20.7846096908265,1,"L5"
"591","tile_17313",84,20.7846096908265,1,"L4"
"592","tile_17314",96,20.7846096908265,1,"L6"
"593","tile_17315",108,20.7846096908265,2,"L6"
"594","tile_17316",120,20.7846096908265,1,"L2/3"
"595","tile_17317",132,20.7846096908265,1,"L5"
"596","tile_17324",216,20.7846096908265,2,"L2/3"
"597","tile_17325",228,20.7846096908265,1,"L6"
"598","tile_17326",240,20.7846096908265,3,"L6"
"599","tile_17329",276,20.7846096908265,1,"L4"
"600","tile_17336",360,20.7846096908265,1,"L4"
"601","tile_17337",372,20.7846096908265,2,"Olig1"
"602","tile_17339",396,20.7846096908265,1,"L4"
"603","tile_17340",408,20.7846096908265,1,"L4"
"604","tile_17342",432,20.7846096908265,1,"L4"
"605","tile_17345",468,20.7846096908265,2,"L4"
"606","tile_17349",516,20.7846096908265,2,"L4"
"607","tile_17351",540,20.7846096908265,1,"PV"
"608","tile_17352",552,20.7846096908265,1,"L6"
"609","tile_17353",564,20.7846096908265,3,"PV"
"610","tile_17355",588,20.7846096908265,1,"PV"
"611","tile_17356",600,20.7846096908265,1,"Olig1"
"612","tile_17358",624,20.7846096908265,2,"L5"
"613","tile_17359",636,20.7846096908265,1,"PV"
"614","tile_17360",648,20.7846096908265,1,"L5"
"615","tile_17364",696,20.7846096908265,1,"Olig1"
"616","tile_17365",708,20.7846096908265,1,"Olig1"
"617","tile_17366",720,20.7846096908265,1,"PV"
"618","tile_17367",732,20.7846096908265,1,"PV"
"619","tile_17368",744,20.7846096908265,2,"Olig1"
"620","tile_17369",756,20.7846096908265,1,"L5"
"621","tile_17378",-804,27.712812921102,1,"Olig2"
"622","tile_17381",-768,27.712812921102,1,"Olig2"
"623","tile_17392",-636,27.712812921102,2,"Olig2"
"624","tile_17394",-612,27.712812921102,2,"Olig2"
"625","tile_17396",-588,27.712812921102,2,"L2/3"
"626","tile_17398",-564,27.712812921102,1,"Olig2"
"627","tile_17399",-552,27.712812921102,2,"Astro"
"628","tile_17401",-528,27.712812921102,2,"L2/3"
"629","tile_17403",-504,27.712812921102,2,"Astro"
"630","tile_17406",-468,27.712812921102,1,"L2/3"
"631","tile_17407",-456,27.712812921102,1,"L6"
"632","tile_17408",-444,27.712812921102,1,"L2/3"
"633","tile_17410",-420,27.712812921102,1,"L2/3"
"634","tile_17411",-408,27.712812921102,2,"L2/3"
"635","tile_17418",-324,27.712812921102,1,"L5"
"636","tile_17419",-312,27.712812921102,1,"L2/3"
"637","tile_17420",-300,27.712812921102,1,"PV"
"638","tile_17423",-264,27.712812921102,1,"L2/3"
"639","tile_17424",-252,27.712812921102,2,"L5"
"640","tile_17425",-240,27.712812921102,2,"L5"
"641","tile_17426",-228,27.712812921102,1,"L5"
"642","tile_17428",-204,27.712812921102,1,"L2/3"
"643","tile_17432",-156,27.712812921102,1,"L6"
"644","tile_17433",-144,27.712812921102,2,"L2/3"
"645","tile_17434",-132,27.712812921102,1,"L6"
"646","tile_17435",-120,27.712812921102,1,"L5"
"647","tile_17437",-96,27.712812921102,1,"L5"
"648","tile_17438",-84,27.712812921102,1,"L4"
"649","tile_17440",-60,27.712812921102,1,"L6"
"650","tile_17443",-24,27.712812921102,1,"L6"
"651","tile_17444",-12,27.712812921102,1,"L6"
"652","tile_17445",0,27.712812921102,1,"L5"
"653","tile_17449",48,27.712812921102,1,"PV"
"654","tile_17450",60,27.712812921102,1,"PV"
"655","tile_17451",72,27.712812921102,1,"L6"
"656","tile_17452",84,27.712812921102,1,"L6"
"657","tile_17453",96,27.712812921102,3,"L6"
"658","tile_17454",108,27.712812921102,2,"L5"
"659","tile_17455",120,27.712812921102,2,"Olig1"
"660","tile_17456",132,27.712812921102,3,"L6"
"661","tile_17457",144,27.712812921102,1,"Olig1"
"662","tile_17458",156,27.712812921102,2,"L5"
"663","tile_17461",192,27.712812921102,1,"L4"
"664","tile_17463",216,27.712812921102,1,"PV"
"665","tile_17464",228,27.712812921102,1,"Olig1"
"666","tile_17465",240,27.712812921102,2,"L6"
"667","tile_17466",252,27.712812921102,1,"PV"
"668","tile_17467",264,27.712812921102,1,"Olig1"
"669","tile_17469",288,27.712812921102,1,"PV"
"670","tile_17471",312,27.712812921102,1,"L6"
"671","tile_17472",324,27.712812921102,1,"PV"
"672","tile_17474",348,27.712812921102,1,"L4"
"673","tile_17475",360,27.712812921102,2,"L4"
"674","tile_17477",384,27.712812921102,2,"Olig1"
"675","tile_17478",396,27.712812921102,3,"L4"
"676","tile_17479",408,27.712812921102,1,"Olig1"
"677","tile_17487",504,27.712812921102,1,"Olig1"
"678","tile_17489",528,27.712812921102,1,"L5"
"679","tile_17490",540,27.712812921102,1,"PV"
"680","tile_17491",552,27.712812921102,1,"PV"
"681","tile_17492",564,27.712812921102,1,"L6"
"682","tile_17493",576,27.712812921102,1,"PV"
"683","tile_17495",600,27.712812921102,1,"PV"
"684","tile_17496",612,27.712812921102,2,"PV"
"685","tile_17498",636,27.712812921102,1,"PV"
"686","tile_17501",672,27.712812921102,1,"L5"
"687","tile_17504",708,27.712812921102,1,"L5"
"688","tile_17511",792,27.712812921102,1,"L5"
"689","tile_17518",-792,34.6410161513775,1,"Olig2"
"690","tile_17519",-780,34.6410161513775,2,"Olig2"
"691","tile_17520",-768,34.6410161513775,1,"Olig2"
"692","tile_17521",-756,34.6410161513775,1,"Olig2"
"693","tile_17522",-744,34.6410161513775,2,"Astro"
"694","tile_17528",-672,34.6410161513775,1,"Astro"
"695","tile_17530",-648,34.6410161513775,1,"Olig1"
"696","tile_17531",-636,34.6410161513775,1,"Olig2"
"697","tile_17532",-624,34.6410161513775,1,"Astro"
"698","tile_17533",-612,34.6410161513775,1,"Olig2"
"699","tile_17534",-600,34.6410161513775,1,"Astro"
"700","tile_17536",-576,34.6410161513775,1,"Olig2"
"701","tile_17537",-564,34.6410161513775,2,"Olig2"
"702","tile_17538",-552,34.6410161513775,2,"Astro"
"703","tile_17539",-540,34.6410161513775,2,"Astro"
"704","tile_17540",-528,34.6410161513775,2,"Olig2"
"705","tile_17542",-504,34.6410161513775,1,"Astro"
"706","tile_17543",-492,34.6410161513775,1,"Olig2"
"707","tile_17544",-480,34.6410161513775,1,"Astro"
"708","tile_17545",-468,34.6410161513775,2,"L2/3"
"709","tile_17546",-456,34.6410161513775,1,"L2/3"
"710","tile_17547",-444,34.6410161513775,2,"Astro"
"711","tile_17552",-384,34.6410161513775,2,"L2/3"
"712","tile_17555",-348,34.6410161513775,1,"L2/3"
"713","tile_17556",-336,34.6410161513775,1,"L5"
"714","tile_17560",-288,34.6410161513775,1,"L2/3"
"715","tile_17563",-252,34.6410161513775,1,"L2/3"
"716","tile_17564",-240,34.6410161513775,1,"L5"
"717","tile_17565",-228,34.6410161513775,1,"L6"
"718","tile_17566",-216,34.6410161513775,1,"L2/3"
"719","tile_17567",-204,34.6410161513775,1,"L2/3"
"720","tile_17569",-180,34.6410161513775,1,"L2/3"
"721","tile_17571",-156,34.6410161513775,2,"L2/3"
"722","tile_17575",-108,34.6410161513775,1,"L2/3"
"723","tile_17576",-96,34.6410161513775,2,"L4"
"724","tile_17578",-72,34.6410161513775,2,"L2/3"
"725","tile_17580",-48,34.6410161513775,2,"L6"
"726","tile_17582",-24,34.6410161513775,2,"L2/3"
"727","tile_17584",0,34.6410161513775,1,"L6"
"728","tile_17586",24,34.6410161513775,1,"L2/3"
"729","tile_17588",48,34.6410161513775,1,"PV"
"730","tile_17589",60,34.6410161513775,2,"L5"
"731","tile_17590",72,34.6410161513775,1,"Olig1"
"732","tile_17591",84,34.6410161513775,3,"L4"
"733","tile_17593",108,34.6410161513775,2,"L6"
"734","tile_17594",120,34.6410161513775,2,"L6"
"735","tile_17596",144,34.6410161513775,1,"PV"
"736","tile_17597",156,34.6410161513775,1,"L6"
"737","tile_17599",180,34.6410161513775,1,"Olig1"
"738","tile_17600",192,34.6410161513775,1,"PV"
"739","tile_17601",204,34.6410161513775,1,"PV"
"740","tile_17605",252,34.6410161513775,1,"PV"
"741","tile_17606",264,34.6410161513775,2,"PV"
"742","tile_17608",288,34.6410161513775,1,"Olig1"
"743","tile_17609",300,34.6410161513775,3,"L4"
"744","tile_17610",312,34.6410161513775,1,"PV"
"745","tile_17611",324,34.6410161513775,3,"PV"
"746","tile_17612",336,34.6410161513775,3,"Olig1"
"747","tile_17614",360,34.6410161513775,1,"Olig1"
"748","tile_17616",384,34.6410161513775,2,"L4"
"749","tile_17619",420,34.6410161513775,2,"L4"
"750","tile_17620",432,34.6410161513775,2,"Olig1"
"751","tile_17621",444,34.6410161513775,1,"PV"
"752","tile_17622",456,34.6410161513775,2,"L4"
"753","tile_17623",468,34.6410161513775,1,"PV"
"754","tile_17624",480,34.6410161513775,1,"PV"
"755","tile_17625",492,34.6410161513775,1,"L4"
"756","tile_17629",540,34.6410161513775,2,"Olig1"
"757","tile_17631",564,34.6410161513775,1,"L6"
"758","tile_17633",588,34.6410161513775,2,"Olig1"
"759","tile_17634",600,34.6410161513775,2,"L5"
"760","tile_17635",612,34.6410161513775,1,"PV"
"761","tile_17636",624,34.6410161513775,3,"PV"
"762","tile_17637",636,34.6410161513775,1,"PV"
"763","tile_17640",672,34.6410161513775,2,"L5"
"764","tile_17641",684,34.6410161513775,1,"PV"
"765","tile_17643",708,34.6410161513775,1,"PV"
"766","tile_17645",732,34.6410161513775,1,"PV"
"767","tile_17649",780,34.6410161513775,1,"PV"
"768","tile_17660",-756,41.5692193816531,1,"Olig2"
"769","tile_17661",-744,41.5692193816531,2,"Olig2"
"770","tile_17662",-732,41.5692193816531,1,"Astro"
"771","tile_17663",-720,41.5692193816531,1,"Olig2"
"772","tile_17666",-684,41.5692193816531,1,"Astro"
"773","tile_17668",-660,41.5692193816531,2,"Astro"
"774","tile_17670",-636,41.5692193816531,2,"Astro"
"775","tile_17671",-624,41.5692193816531,2,"intermediate"
"776","tile_17672",-612,41.5692193816531,1,"Astro"
"777","tile_17674",-588,41.5692193816531,2,"Olig2"
"778","tile_17675",-576,41.5692193816531,1,"Olig2"
"779","tile_17676",-564,41.5692193816531,2,"Astro"
"780","tile_17679",-528,41.5692193816531,1,"Astro"
"781","tile_17680",-516,41.5692193816531,2,"Astro"
"782","tile_17683",-480,41.5692193816531,4,"Astro"
"783","tile_17686",-444,41.5692193816531,2,"Astro"
"784","tile_17687",-432,41.5692193816531,2,"Astro"
"785","tile_17688",-420,41.5692193816531,3,"Astro"
"786","tile_17689",-408,41.5692193816531,2,"Astro"
"787","tile_17693",-360,41.5692193816531,2,"intermediate"
"788","tile_17696",-324,41.5692193816531,1,"Astro"
"789","tile_17699",-288,41.5692193816531,1,"L2/3"
"790","tile_17703",-240,41.5692193816531,2,"L5"
"791","tile_17706",-204,41.5692193816531,2,"Astro"
"792","tile_17707",-192,41.5692193816531,1,"L2/3"
"793","tile_17708",-180,41.5692193816531,2,"L2/3"
"794","tile_17709",-168,41.5692193816531,2,"L2/3"
"795","tile_17710",-156,41.5692193816531,1,"L2/3"
"796","tile_17711",-144,41.5692193816531,1,"L2/3"
"797","tile_17712",-132,41.5692193816531,1,"L2/3"
"798","tile_17713",-120,41.5692193816531,1,"L2/3"
"799","tile_17719",-48,41.5692193816531,1,"PV"
"800","tile_17721",-24,41.5692193816531,1,"L2/3"
"801","tile_17722",-12,41.5692193816531,1,"Olig1"
"802","tile_17723",0,41.5692193816531,1,"L5"
"803","tile_17724",12,41.5692193816531,1,"L2/3"
"804","tile_17728",60,41.5692193816531,2,"L5"
"805","tile_17729",72,41.5692193816531,1,"PV"
"806","tile_17730",84,41.5692193816531,2,"L4"
"807","tile_17731",96,41.5692193816531,2,"L6"
"808","tile_17732",108,41.5692193816531,2,"L6"
"809","tile_17733",120,41.5692193816531,1,"L6"
"810","tile_17735",144,41.5692193816531,1,"PV"
"811","tile_17737",168,41.5692193816531,2,"L6"
"812","tile_17738",180,41.5692193816531,3,"L4"
"813","tile_17740",204,41.5692193816531,4,"PV"
"814","tile_17741",216,41.5692193816531,2,"PV"
"815","tile_17742",228,41.5692193816531,1,"Olig1"
"816","tile_17743",240,41.5692193816531,1,"L6"
"817","tile_17744",252,41.5692193816531,1,"Olig1"
"818","tile_17746",276,41.5692193816531,1,"PV"
"819","tile_17751",336,41.5692193816531,1,"Olig1"
"820","tile_17753",360,41.5692193816531,1,"Olig1"
"821","tile_17754",372,41.5692193816531,1,"L4"
"822","tile_17755",384,41.5692193816531,2,"PV"
"823","tile_17758",420,41.5692193816531,1,"PV"
"824","tile_17759",432,41.5692193816531,1,"L4"
"825","tile_17760",444,41.5692193816531,1,"L5"
"826","tile_17761",456,41.5692193816531,2,"PV"
"827","tile_17764",492,41.5692193816531,3,"PV"
"828","tile_17766",516,41.5692193816531,1,"PV"
"829","tile_17767",528,41.5692193816531,3,"Olig1"
"830","tile_17768",540,41.5692193816531,2,"Olig1"
"831","tile_17769",552,41.5692193816531,1,"L5"
"832","tile_17770",564,41.5692193816531,2,"intermediate"
"833","tile_17771",576,41.5692193816531,1,"L5"
"834","tile_17773",600,41.5692193816531,1,"L5"
"835","tile_17774",612,41.5692193816531,1,"L5"
"836","tile_17775",624,41.5692193816531,2,"intermediate"
"837","tile_17776",636,41.5692193816531,2,"L5"
"838","tile_17777",648,41.5692193816531,2,"PV"
"839","tile_17783",720,41.5692193816531,1,"L5"
"840","tile_17784",732,41.5692193816531,2,"L5"
"841","tile_17785",744,41.5692193816531,1,"L4"
"842","tile_17788",780,41.5692193816531,1,"L5"
"843","tile_17789",792,41.5692193816531,1,"PV"
"844","tile_17807",-660,48.4974226119286,2,"Olig2"
"845","tile_17808",-648,48.4974226119286,1,"Astro"
"846","tile_17810",-624,48.4974226119286,1,"Olig2"
"847","tile_17811",-612,48.4974226119286,1,"L2/3"
"848","tile_17812",-600,48.4974226119286,1,"Olig1"
"849","tile_17822",-480,48.4974226119286,1,"Astro"
"850","tile_17825",-444,48.4974226119286,2,"Astro"
"851","tile_17828",-408,48.4974226119286,1,"L6"
"852","tile_17832",-360,48.4974226119286,1,"L5"
"853","tile_17839",-276,48.4974226119286,1,"intermediate"
"854","tile_17842",-240,48.4974226119286,1,"L6"
"855","tile_17846",-192,48.4974226119286,1,"L2/3"
"856","tile_17848",-168,48.4974226119286,1,"L2/3"
"857","tile_17849",-156,48.4974226119286,2,"L2/3"
"858","tile_17851",-132,48.4974226119286,1,"L6"
"859","tile_17853",-108,48.4974226119286,1,"L6"
"860","tile_17862",0,48.4974226119286,2,"L2/3"
"861","tile_17867",60,48.4974226119286,1,"L6"
"862","tile_17872",120,48.4974226119286,1,"intermediate"
"863","tile_17876",168,48.4974226119286,3,"L6"
"864","tile_17878",192,48.4974226119286,2,"L6"
"865","tile_17881",228,48.4974226119286,1,"L6"
"866","tile_17883",252,48.4974226119286,1,"PV"
"867","tile_17889",324,48.4974226119286,1,"PV"
"868","tile_17890",336,48.4974226119286,1,"PV"
"869","tile_17892",360,48.4974226119286,1,"L4"
"870","tile_17893",372,48.4974226119286,1,"L6"
"871","tile_17899",444,48.4974226119286,1,"Olig1"
"872","tile_17905",516,48.4974226119286,1,"PV"
"873","tile_17908",552,48.4974226119286,1,"PV"
"874","tile_17910",576,48.4974226119286,1,"L5"
"875","tile_17912",600,48.4974226119286,1,"PV"
"876","tile_17918",672,48.4974226119286,1,"PV"
"877","tile_18018",204,55.4256258422041,1,"PV"
"878","tile_49611",-678,-51.9615242270663,1,"Olig2"
"879","tile_49614",-642,-51.9615242270663,1,"Astro"
"880","tile_49626",-498,-51.9615242270663,2,"L5"
"881","tile_49643",-294,-51.9615242270663,1,"L5"
"882","tile_49653",-174,-51.9615242270663,1,"L5"
"883","tile_49657",-126,-51.9615242270663,1,"L6"
"884","tile_49673",66,-51.9615242270663,1,"L6"
"885","tile_49687",234,-51.9615242270663,2,"L4"
"886","tile_49744",-762,-45.0333209967908,1,"Olig2"
"887","tile_49750",-690,-45.0333209967908,1,"L5"
"888","tile_49752",-666,-45.0333209967908,1,"L5"
"889","tile_49753",-654,-45.0333209967908,2,"Astro"
"890","tile_49754",-642,-45.0333209967908,1,"Astro"
"891","tile_49756",-618,-45.0333209967908,1,"Astro"
"892","tile_49757",-606,-45.0333209967908,2,"Astro"
"893","tile_49758",-594,-45.0333209967908,2,"Astro"
"894","tile_49761",-558,-45.0333209967908,1,"Astro"
"895","tile_49762",-546,-45.0333209967908,1,"Astro"
"896","tile_49763",-534,-45.0333209967908,2,"L5"
"897","tile_49765",-510,-45.0333209967908,1,"L5"
"898","tile_49767",-486,-45.0333209967908,3,"Astro"
"899","tile_49768",-474,-45.0333209967908,2,"L5"
"900","tile_49769",-462,-45.0333209967908,3,"L5"
"901","tile_49772",-426,-45.0333209967908,2,"L2/3"
"902","tile_49774",-402,-45.0333209967908,2,"L5"
"903","tile_49775",-390,-45.0333209967908,2,"Astro"
"904","tile_49776",-378,-45.0333209967908,2,"L5"
"905","tile_49777",-366,-45.0333209967908,2,"L5"
"906","tile_49778",-354,-45.0333209967908,2,"intermediate"
"907","tile_49780",-330,-45.0333209967908,2,"L5"
"908","tile_49781",-318,-45.0333209967908,1,"L5"
"909","tile_49782",-306,-45.0333209967908,1,"L5"
"910","tile_49783",-294,-45.0333209967908,1,"L5"
"911","tile_49786",-258,-45.0333209967908,1,"L5"
"912","tile_49787",-246,-45.0333209967908,1,"L6"
"913","tile_49788",-234,-45.0333209967908,2,"L5"
"914","tile_49789",-222,-45.0333209967908,2,"L5"
"915","tile_49791",-198,-45.0333209967908,1,"L5"
"916","tile_49792",-186,-45.0333209967908,1,"L6"
"917","tile_49793",-174,-45.0333209967908,1,"L5"
"918","tile_49794",-162,-45.0333209967908,5,"L5"
"919","tile_49795",-150,-45.0333209967908,3,"L5"
"920","tile_49796",-138,-45.0333209967908,1,"L5"
"921","tile_49797",-126,-45.0333209967908,2,"L5"
"922","tile_49798",-114,-45.0333209967908,1,"L5"
"923","tile_49799",-102,-45.0333209967908,1,"L5"
"924","tile_49800",-90,-45.0333209967908,1,"L5"
"925","tile_49802",-66,-45.0333209967908,2,"L5"
"926","tile_49803",-54,-45.0333209967908,1,"L5"
"927","tile_49804",-42,-45.0333209967908,1,"L5"
"928","tile_49807",-6,-45.0333209967908,1,"L4"
"929","tile_49808",6,-45.0333209967908,1,"L5"
"930","tile_49809",18,-45.0333209967908,1,"L5"
"931","tile_49810",30,-45.0333209967908,2,"L5"
"932","tile_49812",54,-45.0333209967908,2,"L4"
"933","tile_49813",66,-45.0333209967908,3,"L4"
"934","tile_49814",78,-45.0333209967908,1,"L5"
"935","tile_49819",138,-45.0333209967908,2,"intermediate"
"936","tile_49820",150,-45.0333209967908,2,"L4"
"937","tile_49823",186,-45.0333209967908,1,"L4"
"938","tile_49824",198,-45.0333209967908,1,"L4"
"939","tile_49825",210,-45.0333209967908,2,"L4"
"940","tile_49829",258,-45.0333209967908,4,"L4"
"941","tile_49833",306,-45.0333209967908,1,"L4"
"942","tile_49836",342,-45.0333209967908,1,"L4"
"943","tile_49837",354,-45.0333209967908,1,"L5"
"944","tile_49838",366,-45.0333209967908,1,"L5"
"945","tile_49843",426,-45.0333209967908,1,"L4"
"946","tile_49844",438,-45.0333209967908,1,"L4"
"947","tile_49845",450,-45.0333209967908,1,"L6"
"948","tile_49846",462,-45.0333209967908,1,"L4"
"949","tile_49849",498,-45.0333209967908,1,"L4"
"950","tile_49889",-702,-38.1051177665153,1,"Astro"
"951","tile_49890",-690,-38.1051177665153,1,"Astro"
"952","tile_49893",-654,-38.1051177665153,1,"Astro"
"953","tile_49895",-630,-38.1051177665153,1,"Astro"
"954","tile_49896",-618,-38.1051177665153,1,"Astro"
"955","tile_49897",-606,-38.1051177665153,1,"L5"
"956","tile_49899",-582,-38.1051177665153,3,"Astro"
"957","tile_49900",-570,-38.1051177665153,1,"L5"
"958","tile_49901",-558,-38.1051177665153,3,"Astro"
"959","tile_49902",-546,-38.1051177665153,4,"L5"
"960","tile_49903",-534,-38.1051177665153,4,"L5"
"961","tile_49904",-522,-38.1051177665153,1,"L5"
"962","tile_49905",-510,-38.1051177665153,3,"L5"
"963","tile_49907",-486,-38.1051177665153,3,"L5"
"964","tile_49908",-474,-38.1051177665153,1,"L5"
"965","tile_49909",-462,-38.1051177665153,3,"L5"
"966","tile_49910",-450,-38.1051177665153,3,"L5"
"967","tile_49912",-426,-38.1051177665153,2,"L5"
"968","tile_49914",-402,-38.1051177665153,1,"L5"
"969","tile_49915",-390,-38.1051177665153,1,"L5"
"970","tile_49916",-378,-38.1051177665153,1,"L5"
"971","tile_49918",-354,-38.1051177665153,1,"L5"
"972","tile_49920",-330,-38.1051177665153,1,"L5"
"973","tile_49921",-318,-38.1051177665153,1,"L5"
"974","tile_49923",-294,-38.1051177665153,1,"L5"
"975","tile_49924",-282,-38.1051177665153,1,"L5"
"976","tile_49925",-270,-38.1051177665153,1,"L5"
"977","tile_49927",-246,-38.1051177665153,2,"L5"
"978","tile_49930",-210,-38.1051177665153,3,"L5"
"979","tile_49931",-198,-38.1051177665153,1,"L5"
"980","tile_49932",-186,-38.1051177665153,1,"L5"
"981","tile_49933",-174,-38.1051177665153,1,"L5"
"982","tile_49936",-138,-38.1051177665153,1,"L5"
"983","tile_49938",-114,-38.1051177665153,2,"L5"
"984","tile_49941",-78,-38.1051177665153,1,"L5"
"985","tile_49942",-66,-38.1051177665153,1,"L5"
"986","tile_49943",-54,-38.1051177665153,1,"L5"
"987","tile_49945",-30,-38.1051177665153,1,"L5"
"988","tile_49947",-6,-38.1051177665153,1,"L5"
"989","tile_49950",30,-38.1051177665153,1,"L5"
"990","tile_49951",42,-38.1051177665153,2,"L4"
"991","tile_49952",54,-38.1051177665153,1,"L5"
"992","tile_49955",90,-38.1051177665153,1,"L5"
"993","tile_49957",114,-38.1051177665153,1,"L4"
"994","tile_49958",126,-38.1051177665153,1,"L4"
"995","tile_49960",150,-38.1051177665153,1,"L4"
"996","tile_49967",234,-38.1051177665153,1,"L4"
"997","tile_49970",270,-38.1051177665153,1,"L4"
"998","tile_49973",306,-38.1051177665153,1,"L4"
"999","tile_49975",330,-38.1051177665153,1,"L4"
"1000","tile_49976",342,-38.1051177665153,1,"intermediate"
"1001","tile_49977",354,-38.1051177665153,2,"L4"
"1002","tile_49979",378,-38.1051177665153,1,"L4"
"1003","tile_49983",426,-38.1051177665153,1,"L4"
"1004","tile_49984",438,-38.1051177665153,1,"L4"
"1005","tile_49985",450,-38.1051177665153,1,"L4"
"1006","tile_49987",474,-38.1051177665153,1,"L4"
"1007","tile_49988",486,-38.1051177665153,1,"L4"
"1008","tile_49990",510,-38.1051177665153,1,"L4"
"1009","tile_49991",522,-38.1051177665153,1,"L4"
"1010","tile_49998",606,-38.1051177665153,1,"L4"
"1011","tile_50001",642,-38.1051177665153,1,"L4"
"1012","tile_50002",654,-38.1051177665153,1,"L4"
"1013","tile_50003",666,-38.1051177665153,1,"L6"
"1014","tile_50005",690,-38.1051177665153,1,"L6"
"1015","tile_50010",750,-38.1051177665153,1,"L5"
"1016","tile_50036",-618,-31.1769145362398,1,"Astro"
"1017","tile_50037",-606,-31.1769145362398,1,"Olig2"
"1018","tile_50038",-594,-31.1769145362398,1,"Astro"
"1019","tile_50040",-570,-31.1769145362398,3,"Astro"
"1020","tile_50043",-534,-31.1769145362398,2,"Astro"
"1021","tile_50045",-510,-31.1769145362398,2,"Astro"
"1022","tile_50046",-498,-31.1769145362398,2,"Astro"
"1023","tile_50048",-474,-31.1769145362398,1,"L5"
"1024","tile_50049",-462,-31.1769145362398,1,"L5"
"1025","tile_50050",-450,-31.1769145362398,1,"L2/3"
"1026","tile_50051",-438,-31.1769145362398,2,"Astro"
"1027","tile_50053",-414,-31.1769145362398,2,"L5"
"1028","tile_50055",-390,-31.1769145362398,1,"L5"
"1029","tile_50056",-378,-31.1769145362398,2,"L5"
"1030","tile_50057",-366,-31.1769145362398,1,"L5"
"1031","tile_50059",-342,-31.1769145362398,3,"L5"
"1032","tile_50060",-330,-31.1769145362398,3,"L5"
"1033","tile_50062",-306,-31.1769145362398,2,"L5"
"1034","tile_50064",-282,-31.1769145362398,1,"L5"
"1035","tile_50067",-246,-31.1769145362398,2,"L5"
"1036","tile_50068",-234,-31.1769145362398,3,"L5"
"1037","tile_50070",-210,-31.1769145362398,3,"L5"
"1038","tile_50072",-186,-31.1769145362398,1,"L5"
"1039","tile_50074",-162,-31.1769145362398,1,"L5"
"1040","tile_50082",-66,-31.1769145362398,1,"L5"
"1041","tile_50085",-30,-31.1769145362398,1,"L5"
"1042","tile_50086",-18,-31.1769145362398,1,"L5"
"1043","tile_50088",6,-31.1769145362398,2,"L5"
"1044","tile_50091",42,-31.1769145362398,1,"L5"
"1045","tile_50094",78,-31.1769145362398,2,"L5"
"1046","tile_50096",102,-31.1769145362398,2,"L4"
"1047","tile_50097",114,-31.1769145362398,1,"L4"
"1048","tile_50099",138,-31.1769145362398,1,"L4"
"1049","tile_50101",162,-31.1769145362398,2,"L4"
"1050","tile_50102",174,-31.1769145362398,2,"L4"
"1051","tile_50104",198,-31.1769145362398,1,"L5"
"1052","tile_50106",222,-31.1769145362398,1,"L4"
"1053","tile_50108",246,-31.1769145362398,1,"Olig1"
"1054","tile_50110",270,-31.1769145362398,1,"L6"
"1055","tile_50112",294,-31.1769145362398,1,"L2/3"
"1056","tile_50113",306,-31.1769145362398,2,"L5"
"1057","tile_50116",342,-31.1769145362398,1,"L4"
"1058","tile_50117",354,-31.1769145362398,2,"L6"
"1059","tile_50118",366,-31.1769145362398,1,"L6"
"1060","tile_50122",414,-31.1769145362398,2,"L4"
"1061","tile_50123",426,-31.1769145362398,1,"L4"
"1062","tile_50127",474,-31.1769145362398,1,"L4"
"1063","tile_50130",510,-31.1769145362398,1,"L6"
"1064","tile_50131",522,-31.1769145362398,1,"L4"
"1065","tile_50134",558,-31.1769145362398,1,"L6"
"1066","tile_50136",582,-31.1769145362398,1,"L4"
"1067","tile_50137",594,-31.1769145362398,1,"L4"
"1068","tile_50138",606,-31.1769145362398,1,"PV"
"1069","tile_50145",690,-31.1769145362398,4,"PV"
"1070","tile_50148",726,-31.1769145362398,1,"L6"
"1071","tile_50150",750,-31.1769145362398,1,"L4"
"1072","tile_50162",-786,-24.2487113059643,1,"Olig2"
"1073","tile_50163",-774,-24.2487113059643,1,"Astro"
"1074","tile_50166",-738,-24.2487113059643,1,"Olig2"
"1075","tile_50167",-726,-24.2487113059643,1,"Olig2"
"1076","tile_50176",-618,-24.2487113059643,3,"Olig2"
"1077","tile_50177",-606,-24.2487113059643,2,"Astro"
"1078","tile_50179",-582,-24.2487113059643,1,"Olig2"
"1079","tile_50180",-570,-24.2487113059643,1,"L5"
"1080","tile_50182",-546,-24.2487113059643,1,"L5"
"1081","tile_50184",-522,-24.2487113059643,1,"L2/3"
"1082","tile_50186",-498,-24.2487113059643,3,"Astro"
"1083","tile_50188",-474,-24.2487113059643,1,"L2/3"
"1084","tile_50198",-354,-24.2487113059643,1,"L5"
"1085","tile_50204",-282,-24.2487113059643,1,"L5"
"1086","tile_50205",-270,-24.2487113059643,1,"L5"
"1087","tile_50209",-222,-24.2487113059643,1,"L5"
"1088","tile_50215",-150,-24.2487113059643,1,"L6"
"1089","tile_50219",-102,-24.2487113059643,1,"L6"
"1090","tile_50223",-54,-24.2487113059643,1,"L5"
"1091","tile_50225",-30,-24.2487113059643,1,"L5"
"1092","tile_50226",-18,-24.2487113059643,1,"L5"
"1093","tile_50228",6,-24.2487113059643,2,"L5"
"1094","tile_50229",18,-24.2487113059643,1,"L4"
"1095","tile_50232",54,-24.2487113059643,1,"L5"
"1096","tile_50236",102,-24.2487113059643,1,"L2/3"
"1097","tile_50237",114,-24.2487113059643,1,"L4"
"1098","tile_50240",150,-24.2487113059643,2,"L6"
"1099","tile_50242",174,-24.2487113059643,1,"PV"
"1100","tile_50243",186,-24.2487113059643,1,"L4"
"1101","tile_50244",198,-24.2487113059643,1,"L4"
"1102","tile_50246",222,-24.2487113059643,2,"L4"
"1103","tile_50247",234,-24.2487113059643,1,"Olig1"
"1104","tile_50248",246,-24.2487113059643,1,"L4"
"1105","tile_50254",318,-24.2487113059643,1,"L4"
"1106","tile_50255",330,-24.2487113059643,1,"intermediate"
"1107","tile_50257",354,-24.2487113059643,1,"L6"
"1108","tile_50259",378,-24.2487113059643,1,"L6"
"1109","tile_50260",390,-24.2487113059643,1,"Olig1"
"1110","tile_50261",402,-24.2487113059643,1,"L4"
"1111","tile_50262",414,-24.2487113059643,2,"L4"
"1112","tile_50265",450,-24.2487113059643,2,"L4"
"1113","tile_50266",462,-24.2487113059643,2,"L4"
"1114","tile_50267",474,-24.2487113059643,1,"L4"
"1115","tile_50269",498,-24.2487113059643,3,"L4"
"1116","tile_50270",510,-24.2487113059643,2,"L4"
"1117","tile_50273",546,-24.2487113059643,3,"Olig1"
"1118","tile_50274",558,-24.2487113059643,2,"L4"
"1119","tile_50275",570,-24.2487113059643,1,"L5"
"1120","tile_50277",594,-24.2487113059643,1,"PV"
"1121","tile_50279",618,-24.2487113059643,2,"PV"
"1122","tile_50282",654,-24.2487113059643,1,"PV"
"1123","tile_50284",678,-24.2487113059643,2,"L4"
"1124","tile_50285",690,-24.2487113059643,1,"L5"
"1125","tile_50287",714,-24.2487113059643,1,"Olig1"
"1126","tile_50288",726,-24.2487113059643,2,"L4"
"1127","tile_50290",750,-24.2487113059643,4,"Olig1"
"1128","tile_50291",762,-24.2487113059643,1,"L6"
"1129","tile_50292",774,-24.2487113059643,1,"Olig1"
"1130","tile_50293",786,-24.2487113059643,1,"Olig1"
"1131","tile_50294",798,-24.2487113059643,1,"Olig1"
"1132","tile_50307",-726,-17.3205080756888,2,"Astro"
"1133","tile_50314",-642,-17.3205080756888,1,"Olig2"
"1134","tile_50315",-630,-17.3205080756888,1,"Olig2"
"1135","tile_50318",-594,-17.3205080756888,2,"Astro"
"1136","tile_50322",-546,-17.3205080756888,1,"L5"
"1137","tile_50323",-534,-17.3205080756888,2,"Astro"
"1138","tile_50324",-522,-17.3205080756888,1,"Astro"
"1139","tile_50330",-450,-17.3205080756888,1,"L2/3"
"1140","tile_50332",-426,-17.3205080756888,1,"L5"
"1141","tile_50337",-366,-17.3205080756888,1,"L5"
"1142","tile_50338",-354,-17.3205080756888,1,"L5"
"1143","tile_50339",-342,-17.3205080756888,1,"L5"
"1144","tile_50340",-330,-17.3205080756888,1,"L5"
"1145","tile_50341",-318,-17.3205080756888,1,"L5"
"1146","tile_50342",-306,-17.3205080756888,2,"L5"
"1147","tile_50343",-294,-17.3205080756888,1,"L5"
"1148","tile_50344",-282,-17.3205080756888,1,"L5"
"1149","tile_50345",-270,-17.3205080756888,1,"L5"
"1150","tile_50348",-234,-17.3205080756888,1,"L2/3"
"1151","tile_50351",-198,-17.3205080756888,1,"L5"
"1152","tile_50358",-114,-17.3205080756888,1,"L6"
"1153","tile_50360",-90,-17.3205080756888,1,"L5"
"1154","tile_50362",-66,-17.3205080756888,1,"L6"
"1155","tile_50364",-42,-17.3205080756888,1,"L5"
"1156","tile_50367",-6,-17.3205080756888,1,"L4"
"1157","tile_50369",18,-17.3205080756888,1,"L5"
"1158","tile_50371",42,-17.3205080756888,1,"L5"
"1159","tile_50372",54,-17.3205080756888,1,"L2/3"
"1160","tile_50375",90,-17.3205080756888,4,"L4"
"1161","tile_50378",126,-17.3205080756888,2,"L4"
"1162","tile_50380",150,-17.3205080756888,1,"L4"
"1163","tile_50381",162,-17.3205080756888,2,"L2/3"
"1164","tile_50382",174,-17.3205080756888,1,"L4"
"1165","tile_50384",198,-17.3205080756888,1,"L6"
"1166","tile_50385",210,-17.3205080756888,1,"L4"
"1167","tile_50386",222,-17.3205080756888,1,"L4"
"1168","tile_50387",234,-17.3205080756888,1,"L5"
"1169","tile_50388",246,-17.3205080756888,1,"Olig1"
"1170","tile_50389",258,-17.3205080756888,2,"L4"
"1171","tile_50390",270,-17.3205080756888,1,"PV"
"1172","tile_50391",282,-17.3205080756888,2,"L4"
"1173","tile_50393",306,-17.3205080756888,2,"L4"
"1174","tile_50394",318,-17.3205080756888,1,"L4"
"1175","tile_50398",366,-17.3205080756888,2,"L4"
"1176","tile_50399",378,-17.3205080756888,2,"L4"
"1177","tile_50401",402,-17.3205080756888,1,"L4"
"1178","tile_50402",414,-17.3205080756888,2,"L4"
"1179","tile_50403",426,-17.3205080756888,1,"L6"
"1180","tile_50404",438,-17.3205080756888,1,"L5"
"1181","tile_50405",450,-17.3205080756888,1,"L4"
"1182","tile_50406",462,-17.3205080756888,2,"L4"
"1183","tile_50407",474,-17.3205080756888,2,"L4"
"1184","tile_50408",486,-17.3205080756888,2,"L4"
"1185","tile_50410",510,-17.3205080756888,1,"L4"
"1186","tile_50411",522,-17.3205080756888,1,"L4"
"1187","tile_50412",534,-17.3205080756888,2,"Olig1"
"1188","tile_50413",546,-17.3205080756888,1,"L4"
"1189","tile_50415",570,-17.3205080756888,3,"L4"
"1190","tile_50416",582,-17.3205080756888,1,"L4"
"1191","tile_50417",594,-17.3205080756888,4,"L4"
"1192","tile_50418",606,-17.3205080756888,2,"L6"
"1193","tile_50419",618,-17.3205080756888,2,"L6"
"1194","tile_50420",630,-17.3205080756888,1,"L5"
"1195","tile_50421",642,-17.3205080756888,1,"L6"
"1196","tile_50422",654,-17.3205080756888,1,"L4"
"1197","tile_50423",666,-17.3205080756888,2,"L4"
"1198","tile_50424",678,-17.3205080756888,1,"PV"
"1199","tile_50428",726,-17.3205080756888,2,"L6"
"1200","tile_50429",738,-17.3205080756888,3,"Olig1"
"1201","tile_50431",762,-17.3205080756888,1,"PV"
"1202","tile_50432",774,-17.3205080756888,3,"L4"
"1203","tile_50447",-726,-10.3923048454133,1,"Olig2"
"1204","tile_50449",-702,-10.3923048454133,2,"Astro"
"1205","tile_50453",-654,-10.3923048454133,1,"Astro"
"1206","tile_50454",-642,-10.3923048454133,1,"Astro"
"1207","tile_50456",-618,-10.3923048454133,1,"Astro"
"1208","tile_50457",-606,-10.3923048454133,2,"Astro"
"1209","tile_50459",-582,-10.3923048454133,1,"Olig2"
"1210","tile_50465",-510,-10.3923048454133,1,"L2/3"
"1211","tile_50467",-486,-10.3923048454133,1,"L5"
"1212","tile_50468",-474,-10.3923048454133,2,"Astro"
"1213","tile_50469",-462,-10.3923048454133,2,"Astro"
"1214","tile_50470",-450,-10.3923048454133,3,"Astro"
"1215","tile_50472",-426,-10.3923048454133,1,"L2/3"
"1216","tile_50474",-402,-10.3923048454133,2,"L2/3"
"1217","tile_50476",-378,-10.3923048454133,1,"L5"
"1218","tile_50477",-366,-10.3923048454133,2,"Astro"
"1219","tile_50479",-342,-10.3923048454133,1,"L5"
"1220","tile_50485",-270,-10.3923048454133,1,"L5"
"1221","tile_50495",-150,-10.3923048454133,2,"L5"
"1222","tile_50499",-102,-10.3923048454133,2,"L5"
"1223","tile_50501",-78,-10.3923048454133,1,"L5"
"1224","tile_50502",-66,-10.3923048454133,2,"L5"
"1225","tile_50503",-54,-10.3923048454133,1,"L5"
"1226","tile_50504",-42,-10.3923048454133,1,"L4"
"1227","tile_50510",30,-10.3923048454133,1,"L4"
"1228","tile_50511",42,-10.3923048454133,1,"L2/3"
"1229","tile_50514",78,-10.3923048454133,1,"L4"
"1230","tile_50515",90,-10.3923048454133,1,"Olig1"
"1231","tile_50520",150,-10.3923048454133,3,"L4"
"1232","tile_50524",198,-10.3923048454133,1,"L4"
"1233","tile_50528",246,-10.3923048454133,1,"L4"
"1234","tile_50529",258,-10.3923048454133,1,"L4"
"1235","tile_50539",378,-10.3923048454133,1,"L4"
"1236","tile_50540",390,-10.3923048454133,1,"L4"
"1237","tile_50541",402,-10.3923048454133,2,"L4"
"1238","tile_50543",426,-10.3923048454133,1,"L4"
"1239","tile_50544",438,-10.3923048454133,2,"L4"
"1240","tile_50545",450,-10.3923048454133,1,"L4"
"1241","tile_50547",474,-10.3923048454133,2,"L6"
"1242","tile_50549",498,-10.3923048454133,2,"L6"
"1243","tile_50551",522,-10.3923048454133,1,"L4"
"1244","tile_50553",546,-10.3923048454133,1,"Olig1"
"1245","tile_50554",558,-10.3923048454133,2,"L5"
"1246","tile_50555",570,-10.3923048454133,2,"L5"
"1247","tile_50556",582,-10.3923048454133,2,"L4"
"1248","tile_50557",594,-10.3923048454133,2,"L6"
"1249","tile_50558",606,-10.3923048454133,4,"PV"
"1250","tile_50559",618,-10.3923048454133,1,"L6"
"1251","tile_50560",630,-10.3923048454133,3,"L4"
"1252","tile_50561",642,-10.3923048454133,1,"Olig1"
"1253","tile_50562",654,-10.3923048454133,2,"Olig1"
"1254","tile_50563",666,-10.3923048454133,3,"L5"
"1255","tile_50564",678,-10.3923048454133,2,"L4"
"1256","tile_50565",690,-10.3923048454133,1,"L4"
"1257","tile_50566",702,-10.3923048454133,1,"L6"
"1258","tile_50567",714,-10.3923048454133,1,"L6"
"1259","tile_50568",726,-10.3923048454133,3,"L6"
"1260","tile_50569",738,-10.3923048454133,3,"L6"
"1261","tile_50582",-786,-3.46410161513776,1,"Olig2"
"1262","tile_50595",-630,-3.46410161513776,1,"Olig2"
"1263","tile_50598",-594,-3.46410161513776,1,"L5"
"1264","tile_50602",-546,-3.46410161513776,1,"Astro"
"1265","tile_50604",-522,-3.46410161513776,1,"Astro"
"1266","tile_50605",-510,-3.46410161513776,1,"Astro"
"1267","tile_50607",-486,-3.46410161513776,2,"L5"
"1268","tile_50608",-474,-3.46410161513776,1,"L5"
"1269","tile_50614",-402,-3.46410161513776,1,"L5"
"1270","tile_50617",-366,-3.46410161513776,1,"L6"
"1271","tile_50623",-294,-3.46410161513776,1,"L6"
"1272","tile_50625",-270,-3.46410161513776,1,"L4"
"1273","tile_50628",-234,-3.46410161513776,2,"L2/3"
"1274","tile_50629",-222,-3.46410161513776,2,"L2/3"
"1275","tile_50632",-186,-3.46410161513776,2,"L5"
"1276","tile_50634",-162,-3.46410161513776,1,"L2/3"
"1277","tile_50637",-126,-3.46410161513776,1,"L6"
"1278","tile_50638",-114,-3.46410161513776,1,"L2/3"
"1279","tile_50641",-78,-3.46410161513776,1,"L4"
"1280","tile_50652",54,-3.46410161513776,1,"intermediate"
"1281","tile_50653",66,-3.46410161513776,1,"L6"
"1282","tile_50654",78,-3.46410161513776,1,"PV"
"1283","tile_50655",90,-3.46410161513776,1,"L6"
"1284","tile_50656",102,-3.46410161513776,1,"L2/3"
"1285","tile_50657",114,-3.46410161513776,1,"L5"
"1286","tile_50658",126,-3.46410161513776,1,"PV"
"1287","tile_50659",138,-3.46410161513776,1,"L4"
"1288","tile_50661",162,-3.46410161513776,1,"Olig1"
"1289","tile_50662",174,-3.46410161513776,1,"L4"
"1290","tile_50663",186,-3.46410161513776,1,"L4"
"1291","tile_50664",198,-3.46410161513776,2,"Olig1"
"1292","tile_50665",210,-3.46410161513776,1,"Olig1"
"1293","tile_50666",222,-3.46410161513776,1,"L4"
"1294","tile_50667",234,-3.46410161513776,2,"PV"
"1295","tile_50669",258,-3.46410161513776,1,"PV"
"1296","tile_50671",282,-3.46410161513776,1,"Olig1"
"1297","tile_50672",294,-3.46410161513776,1,"L4"
"1298","tile_50673",306,-3.46410161513776,1,"Olig1"
"1299","tile_50675",330,-3.46410161513776,1,"Olig1"
"1300","tile_50679",378,-3.46410161513776,1,"L4"
"1301","tile_50684",438,-3.46410161513776,1,"L6"
"1302","tile_50685",450,-3.46410161513776,3,"L4"
"1303","tile_50686",462,-3.46410161513776,1,"L6"
"1304","tile_50687",474,-3.46410161513776,1,"Olig1"
"1305","tile_50688",486,-3.46410161513776,1,"L6"
"1306","tile_50689",498,-3.46410161513776,2,"Olig1"
"1307","tile_50690",510,-3.46410161513776,1,"L4"
"1308","tile_50691",522,-3.46410161513776,1,"Olig1"
"1309","tile_50692",534,-3.46410161513776,2,"L4"
"1310","tile_50694",558,-3.46410161513776,1,"Olig1"
"1311","tile_50695",570,-3.46410161513776,3,"L4"
"1312","tile_50696",582,-3.46410161513776,1,"L6"
"1313","tile_50697",594,-3.46410161513776,1,"Olig1"
"1314","tile_50698",606,-3.46410161513776,1,"L6"
"1315","tile_50699",618,-3.46410161513776,3,"L6"
"1316","tile_50700",630,-3.46410161513776,1,"Olig1"
"1317","tile_50702",654,-3.46410161513776,3,"L6"
"1318","tile_50703",666,-3.46410161513776,5,"PV"
"1319","tile_50704",678,-3.46410161513776,1,"L4"
"1320","tile_50705",690,-3.46410161513776,1,"L4"
"1321","tile_50706",702,-3.46410161513776,1,"Olig1"
"1322","tile_50707",714,-3.46410161513776,3,"Olig1"
"1323","tile_50708",726,-3.46410161513776,4,"L4"
"1324","tile_50709",738,-3.46410161513776,1,"Olig1"
"1325","tile_50710",750,-3.46410161513776,1,"L6"
"1326","tile_50711",762,-3.46410161513776,2,"L5"
"1327","tile_50712",774,-3.46410161513776,2,"L6"
"1328","tile_50713",786,-3.46410161513776,1,"Olig1"
"1329","tile_50714",798,-3.46410161513776,2,"L6"
"1330","tile_50715",810,-3.46410161513776,2,"Olig1"
"1331","tile_50725",-750,3.46410161513775,1,"Olig2"
"1332","tile_50733",-654,3.46410161513775,2,"Astro"
"1333","tile_50735",-630,3.46410161513775,1,"Olig2"
"1334","tile_50736",-618,3.46410161513775,1,"Olig2"
"1335","tile_50737",-606,3.46410161513775,3,"Astro"
"1336","tile_50738",-594,3.46410161513775,2,"Astro"
"1337","tile_50739",-582,3.46410161513775,2,"Astro"
"1338","tile_50740",-570,3.46410161513775,2,"Astro"
"1339","tile_50743",-534,3.46410161513775,1,"Astro"
"1340","tile_50747",-486,3.46410161513775,2,"Astro"
"1341","tile_50748",-474,3.46410161513775,1,"L5"
"1342","tile_50752",-426,3.46410161513775,1,"L5"
"1343","tile_50753",-414,3.46410161513775,1,"L2/3"
"1344","tile_50756",-378,3.46410161513775,1,"L5"
"1345","tile_50757",-366,3.46410161513775,1,"L2/3"
"1346","tile_50758",-354,3.46410161513775,1,"L5"
"1347","tile_50759",-342,3.46410161513775,1,"L5"
"1348","tile_50761",-318,3.46410161513775,1,"L2/3"
"1349","tile_50762",-306,3.46410161513775,1,"L5"
"1350","tile_50763",-294,3.46410161513775,2,"L2/3"
"1351","tile_50764",-282,3.46410161513775,1,"L5"
"1352","tile_50765",-270,3.46410161513775,1,"L5"
"1353","tile_50770",-210,3.46410161513775,1,"intermediate"
"1354","tile_50772",-186,3.46410161513775,1,"L5"
"1355","tile_50774",-162,3.46410161513775,1,"L2/3"
"1356","tile_50781",-78,3.46410161513775,1,"L6"
"1357","tile_50782",-66,3.46410161513775,2,"intermediate"
"1358","tile_50783",-54,3.46410161513775,1,"L2/3"
"1359","tile_50784",-42,3.46410161513775,1,"L6"
"1360","tile_50789",18,3.46410161513775,1,"L6"
"1361","tile_50790",30,3.46410161513775,1,"L4"
"1362","tile_50792",54,3.46410161513775,2,"L4"
"1363","tile_50794",78,3.46410161513775,1,"L6"
"1364","tile_50798",126,3.46410161513775,1,"L6"
"1365","tile_50801",162,3.46410161513775,1,"L5"
"1366","tile_50808",246,3.46410161513775,2,"L4"
"1367","tile_50809",258,3.46410161513775,1,"PV"
"1368","tile_50812",294,3.46410161513775,1,"Olig1"
"1369","tile_50814",318,3.46410161513775,1,"PV"
"1370","tile_50821",402,3.46410161513775,1,"L4"
"1371","tile_50826",462,3.46410161513775,1,"Olig1"
"1372","tile_50831",522,3.46410161513775,1,"PV"
"1373","tile_50832",534,3.46410161513775,4,"Olig1"
"1374","tile_50833",546,3.46410161513775,2,"L5"
"1375","tile_50834",558,3.46410161513775,2,"Olig1"
"1376","tile_50835",570,3.46410161513775,2,"Olig1"
"1377","tile_50836",582,3.46410161513775,1,"L6"
"1378","tile_50838",606,3.46410161513775,3,"PV"
"1379","tile_50839",618,3.46410161513775,1,"Olig1"
"1380","tile_50841",642,3.46410161513775,2,"L4"
"1381","tile_50842",654,3.46410161513775,2,"L6"
"1382","tile_50843",666,3.46410161513775,1,"L4"
"1383","tile_50844",678,3.46410161513775,2,"Olig1"
"1384","tile_50846",702,3.46410161513775,1,"Olig1"
"1385","tile_50848",726,3.46410161513775,1,"L5"
"1386","tile_50849",738,3.46410161513775,3,"L6"
"1387","tile_50850",750,3.46410161513775,2,"PV"
"1388","tile_50868",-714,10.3923048454133,1,"Astro"
"1389","tile_50872",-666,10.3923048454133,1,"Olig2"
"1390","tile_50877",-606,10.3923048454133,2,"L5"
"1391","tile_50878",-594,10.3923048454133,1,"Olig2"
"1392","tile_50880",-570,10.3923048454133,1,"intermediate"
"1393","tile_50884",-522,10.3923048454133,1,"L2/3"
"1394","tile_50888",-474,10.3923048454133,1,"L2/3"
"1395","tile_50889",-462,10.3923048454133,2,"L2/3"
"1396","tile_50890",-450,10.3923048454133,1,"Astro"
"1397","tile_50891",-438,10.3923048454133,1,"L2/3"
"1398","tile_50893",-414,10.3923048454133,2,"Astro"
"1399","tile_50899",-342,10.3923048454133,1,"L2/3"
"1400","tile_50903",-294,10.3923048454133,1,"L2/3"
"1401","tile_50904",-282,10.3923048454133,1,"L6"
"1402","tile_50907",-246,10.3923048454133,1,"L5"
"1403","tile_50908",-234,10.3923048454133,1,"L5"
"1404","tile_50919",-102,10.3923048454133,1,"L6"
"1405","tile_50922",-66,10.3923048454133,1,"L5"
"1406","tile_50928",6,10.3923048454133,2,"L2/3"
"1407","tile_50930",30,10.3923048454133,4,"L2/3"
"1408","tile_50931",42,10.3923048454133,1,"L6"
"1409","tile_50935",90,10.3923048454133,1,"L4"
"1410","tile_50937",114,10.3923048454133,1,"L4"
"1411","tile_50939",138,10.3923048454133,1,"intermediate"
"1412","tile_50940",150,10.3923048454133,1,"PV"
"1413","tile_50943",186,10.3923048454133,2,"L6"
"1414","tile_50944",198,10.3923048454133,2,"L5"
"1415","tile_50945",210,10.3923048454133,2,"L4"
"1416","tile_50946",222,10.3923048454133,1,"L4"
"1417","tile_50947",234,10.3923048454133,1,"L6"
"1418","tile_50948",246,10.3923048454133,1,"L6"
"1419","tile_50951",282,10.3923048454133,1,"L5"
"1420","tile_50952",294,10.3923048454133,1,"Olig1"
"1421","tile_50960",390,10.3923048454133,2,"L2/3"
"1422","tile_50966",462,10.3923048454133,1,"Olig1"
"1423","tile_50968",486,10.3923048454133,2,"L4"
"1424","tile_50970",510,10.3923048454133,3,"L4"
"1425","tile_50972",534,10.3923048454133,2,"L6"
"1426","tile_50977",594,10.3923048454133,2,"intermediate"
"1427","tile_50978",606,10.3923048454133,2,"L4"
"1428","tile_50979",618,10.3923048454133,1,"L5"
"1429","tile_50980",630,10.3923048454133,3,"Olig1"
"1430","tile_50981",642,10.3923048454133,1,"L6"
"1431","tile_50983",666,10.3923048454133,1,"L5"
"1432","tile_50984",678,10.3923048454133,1,"PV"
"1433","tile_50987",714,10.3923048454133,2,"L5"
"1434","tile_50990",750,10.3923048454133,2,"L6"
"1435","tile_50991",762,10.3923048454133,2,"L5"
"1436","tile_50993",786,10.3923048454133,1,"L4"
"1437","tile_50997",832.687586872525,10.3923032443119,1,"Olig1"
"1438","tile_51002",-786,17.3205080756888,1,"Olig2"
"1439","tile_51003",-774,17.3205080756888,1,"Olig2"
"1440","tile_51005",-750,17.3205080756888,1,"Olig2"
"1441","tile_51009",-702,17.3205080756888,1,"Astro"
"1442","tile_51012",-666,17.3205080756888,1,"Olig2"
"1443","tile_51013",-654,17.3205080756888,1,"Olig2"
"1444","tile_51019",-582,17.3205080756888,1,"Olig2"
"1445","tile_51023",-534,17.3205080756888,2,"L2/3"
"1446","tile_51025",-510,17.3205080756888,1,"L5"
"1447","tile_51026",-498,17.3205080756888,1,"L2/3"
"1448","tile_51027",-486,17.3205080756888,1,"L5"
"1449","tile_51028",-474,17.3205080756888,1,"L2/3"
"1450","tile_51029",-462,17.3205080756888,1,"L2/3"
"1451","tile_51030",-450,17.3205080756888,1,"L6"
"1452","tile_51031",-438,17.3205080756888,1,"L2/3"
"1453","tile_51034",-402,17.3205080756888,1,"L5"
"1454","tile_51038",-354,17.3205080756888,2,"L2/3"
"1455","tile_51040",-330,17.3205080756888,1,"L5"
"1456","tile_51042",-306,17.3205080756888,2,"L2/3"
"1457","tile_51043",-294,17.3205080756888,1,"L5"
"1458","tile_51044",-282,17.3205080756888,1,"L6"
"1459","tile_51045",-270,17.3205080756888,2,"L2/3"
"1460","tile_51046",-258,17.3205080756888,1,"L5"
"1461","tile_51047",-246,17.3205080756888,1,"L5"
"1462","tile_51048",-234,17.3205080756888,1,"L5"
"1463","tile_51052",-186,17.3205080756888,1,"L2/3"
"1464","tile_51054",-162,17.3205080756888,1,"L6"
"1465","tile_51055",-150,17.3205080756888,1,"L2/3"
"1466","tile_51058",-114,17.3205080756888,3,"L2/3"
"1467","tile_51060",-90,17.3205080756888,2,"L5"
"1468","tile_51062",-66,17.3205080756888,2,"L5"
"1469","tile_51066",-18,17.3205080756888,1,"L5"
"1470","tile_51068",6,17.3205080756888,1,"L6"
"1471","tile_51071",42,17.3205080756888,2,"L4"
"1472","tile_51072",54,17.3205080756888,1,"L2/3"
"1473","tile_51073",66,17.3205080756888,1,"L5"
"1474","tile_51077",114,17.3205080756888,1,"PV"
"1475","tile_51081",162,17.3205080756888,1,"L4"
"1476","tile_51082",174,17.3205080756888,1,"L5"
"1477","tile_51085",210,17.3205080756888,1,"Olig1"
"1478","tile_51086",222,17.3205080756888,1,"L5"
"1479","tile_51087",234,17.3205080756888,1,"L6"
"1480","tile_51089",258,17.3205080756888,1,"L6"
"1481","tile_51091",282,17.3205080756888,1,"L4"
"1482","tile_51092",294,17.3205080756888,1,"PV"
"1483","tile_51098",366,17.3205080756888,1,"Olig1"
"1484","tile_51099",378,17.3205080756888,1,"Olig1"
"1485","tile_51101",402,17.3205080756888,1,"L4"
"1486","tile_51102",414,17.3205080756888,1,"Olig1"
"1487","tile_51103",426,17.3205080756888,1,"L4"
"1488","tile_51104",438,17.3205080756888,2,"Olig1"
"1489","tile_51105",450,17.3205080756888,3,"Olig1"
"1490","tile_51106",462,17.3205080756888,1,"L5"
"1491","tile_51107",474,17.3205080756888,1,"Olig1"
"1492","tile_51111",522,17.3205080756888,1,"intermediate"
"1493","tile_51115",570,17.3205080756888,1,"PV"
"1494","tile_51116",582,17.3205080756888,3,"L5"
"1495","tile_51117",594,17.3205080756888,1,"L4"
"1496","tile_51118",606,17.3205080756888,2,"L5"
"1497","tile_51119",618,17.3205080756888,1,"PV"
"1498","tile_51120",630,17.3205080756888,3,"L5"
"1499","tile_51121",642,17.3205080756888,1,"Olig1"
"1500","tile_51123",666,17.3205080756888,1,"PV"
"1501","tile_51124",678,17.3205080756888,1,"Olig1"
"1502","tile_51128",726,17.3205080756888,3,"PV"
"1503","tile_51129",738,17.3205080756888,1,"PV"
"1504","tile_51130",750,17.3205080756888,1,"PV"
"1505","tile_51131",762,17.3205080756888,1,"PV"
"1506","tile_51133",786,17.3205080756888,1,"PV"
"1507","tile_51134",798,17.3205080756888,1,"L5"
"1508","tile_51144",-762,24.2487113059643,1,"Olig2"
"1509","tile_51147",-726,24.2487113059643,1,"Olig2"
"1510","tile_51150",-690,24.2487113059643,1,"Olig2"
"1511","tile_51152",-666,24.2487113059643,1,"Olig2"
"1512","tile_51153",-654,24.2487113059643,1,"Olig2"
"1513","tile_51155",-630,24.2487113059643,1,"Astro"
"1514","tile_51157",-606,24.2487113059643,3,"Olig2"
"1515","tile_51158",-594,24.2487113059643,2,"Astro"
"1516","tile_51159",-582,24.2487113059643,2,"Astro"
"1517","tile_51160",-570,24.2487113059643,3,"Olig2"
"1518","tile_51161",-558,24.2487113059643,2,"Astro"
"1519","tile_51162",-546,24.2487113059643,1,"Olig2"
"1520","tile_51163",-534,24.2487113059643,1,"L2/3"
"1521","tile_51167",-486,24.2487113059643,1,"L6"
"1522","tile_51168",-474,24.2487113059643,1,"L5"
"1523","tile_51170",-450,24.2487113059643,1,"L2/3"
"1524","tile_51173",-414,24.2487113059643,1,"L2/3"
"1525","tile_51174",-402,24.2487113059643,1,"L5"
"1526","tile_51175",-390,24.2487113059643,1,"L2/3"
"1527","tile_51178",-354,24.2487113059643,1,"L2/3"
"1528","tile_51184",-282,24.2487113059643,2,"L2/3"
"1529","tile_51185",-270,24.2487113059643,1,"L2/3"
"1530","tile_51187",-246,24.2487113059643,1,"L5"
"1531","tile_51190",-210,24.2487113059643,1,"L2/3"
"1532","tile_51192",-186,24.2487113059643,1,"L5"
"1533","tile_51194",-162,24.2487113059643,2,"L2/3"
"1534","tile_51199",-102,24.2487113059643,2,"L2/3"
"1535","tile_51200",-90,24.2487113059643,1,"L5"
"1536","tile_51202",-66,24.2487113059643,1,"L2/3"
"1537","tile_51203",-54,24.2487113059643,1,"L6"
"1538","tile_51205",-30,24.2487113059643,1,"L5"
"1539","tile_51206",-18,24.2487113059643,1,"L6"
"1540","tile_51207",-6,24.2487113059643,2,"L2/3"
"1541","tile_51212",54,24.2487113059643,1,"Olig1"
"1542","tile_51218",126,24.2487113059643,2,"L5"
"1543","tile_51220",150,24.2487113059643,1,"L4"
"1544","tile_51223",186,24.2487113059643,1,"L6"
"1545","tile_51225",210,24.2487113059643,1,"Olig1"
"1546","tile_51227",234,24.2487113059643,2,"L6"
"1547","tile_51228",246,24.2487113059643,2,"L2/3"
"1548","tile_51229",258,24.2487113059643,1,"L6"
"1549","tile_51231",282,24.2487113059643,3,"Olig1"
"1550","tile_51232",294,24.2487113059643,1,"L4"
"1551","tile_51233",306,24.2487113059643,1,"PV"
"1552","tile_51237",354,24.2487113059643,1,"PV"
"1553","tile_51239",378,24.2487113059643,2,"L6"
"1554","tile_51242",414,24.2487113059643,1,"PV"
"1555","tile_51245",450,24.2487113059643,1,"Olig1"
"1556","tile_51246",462,24.2487113059643,1,"Olig1"
"1557","tile_51247",474,24.2487113059643,1,"PV"
"1558","tile_51251",522,24.2487113059643,1,"Olig1"
"1559","tile_51252",534,24.2487113059643,2,"Olig1"
"1560","tile_51254",558,24.2487113059643,1,"L5"
"1561","tile_51255",570,24.2487113059643,2,"L5"
"1562","tile_51256",582,24.2487113059643,3,"L5"
"1563","tile_51257",594,24.2487113059643,1,"PV"
"1564","tile_51258",606,24.2487113059643,2,"L5"
"1565","tile_51259",618,24.2487113059643,4,"PV"
"1566","tile_51260",630,24.2487113059643,2,"PV"
"1567","tile_51261",642,24.2487113059643,1,"PV"
"1568","tile_51264",678,24.2487113059643,2,"L5"
"1569","tile_51268",726,24.2487113059643,1,"PV"
"1570","tile_51271",762,24.2487113059643,3,"PV"
"1571","tile_51273",786,24.2487113059643,1,"PV"
"1572","tile_51281",-798,31.1769145362398,2,"Astro"
"1573","tile_51284",-762,31.1769145362398,2,"Olig2"
"1574","tile_51293",-654,31.1769145362398,1,"Olig2"
"1575","tile_51297",-606,31.1769145362398,2,"Astro"
"1576","tile_51298",-594,31.1769145362398,2,"Olig1"
"1577","tile_51299",-582,31.1769145362398,1,"Olig2"
"1578","tile_51300",-570,31.1769145362398,2,"Olig2"
"1579","tile_51301",-558,31.1769145362398,1,"Olig2"
"1580","tile_51303",-534,31.1769145362398,3,"Astro"
"1581","tile_51304",-522,31.1769145362398,3,"Olig2"
"1582","tile_51307",-486,31.1769145362398,2,"Astro"
"1583","tile_51311",-438,31.1769145362398,1,"L2/3"
"1584","tile_51312",-426,31.1769145362398,1,"L2/3"
"1585","tile_51315",-390,31.1769145362398,2,"L2/3"
"1586","tile_51317",-366,31.1769145362398,1,"L2/3"
"1587","tile_51318",-354,31.1769145362398,2,"L2/3"
"1588","tile_51320",-330,31.1769145362398,1,"L5"
"1589","tile_51321",-318,31.1769145362398,3,"L2/3"
"1590","tile_51322",-306,31.1769145362398,1,"L6"
"1591","tile_51323",-294,31.1769145362398,2,"L6"
"1592","tile_51328",-234,31.1769145362398,1,"L2/3"
"1593","tile_51333",-174,31.1769145362398,1,"L6"
"1594","tile_51334",-162,31.1769145362398,2,"L2/3"
"1595","tile_51335",-150,31.1769145362398,1,"L6"
"1596","tile_51341",-78,31.1769145362398,1,"L5"
"1597","tile_51343",-54,31.1769145362398,1,"L6"
"1598","tile_51344",-42,31.1769145362398,2,"L6"
"1599","tile_51345",-30,31.1769145362398,2,"L5"
"1600","tile_51349",18,31.1769145362398,1,"L2/3"
"1601","tile_51351",42,31.1769145362398,1,"L6"
"1602","tile_51352",54,31.1769145362398,1,"PV"
"1603","tile_51353",66,31.1769145362398,4,"L6"
"1604","tile_51354",78,31.1769145362398,2,"L6"
"1605","tile_51355",90,31.1769145362398,1,"Olig1"
"1606","tile_51356",102,31.1769145362398,2,"L4"
"1607","tile_51357",114,31.1769145362398,1,"L6"
"1608","tile_51358",126,31.1769145362398,2,"L2/3"
"1609","tile_51359",138,31.1769145362398,4,"L2/3"
"1610","tile_51360",150,31.1769145362398,1,"L6"
"1611","tile_51362",174,31.1769145362398,3,"Olig1"
"1612","tile_51363",186,31.1769145362398,1,"L5"
"1613","tile_51364",198,31.1769145362398,1,"L6"
"1614","tile_51365",210,31.1769145362398,1,"Olig1"
"1615","tile_51368",246,31.1769145362398,1,"Olig1"
"1616","tile_51370",270,31.1769145362398,3,"PV"
"1617","tile_51373",306,31.1769145362398,1,"L6"
"1618","tile_51375",330,31.1769145362398,2,"Olig1"
"1619","tile_51376",342,31.1769145362398,2,"Olig1"
"1620","tile_51377",354,31.1769145362398,2,"Olig1"
"1621","tile_51378",366,31.1769145362398,2,"Olig1"
"1622","tile_51380",390,31.1769145362398,1,"Olig1"
"1623","tile_51382",414,31.1769145362398,1,"Olig1"
"1624","tile_51384",438,31.1769145362398,3,"PV"
"1625","tile_51385",450,31.1769145362398,1,"Olig1"
"1626","tile_51386",462,31.1769145362398,2,"Olig1"
"1627","tile_51387",474,31.1769145362398,1,"Olig1"
"1628","tile_51396",582,31.1769145362398,1,"PV"
"1629","tile_51397",594,31.1769145362398,2,"PV"
"1630","tile_51398",606,31.1769145362398,1,"L5"
"1631","tile_51400",630,31.1769145362398,2,"Olig1"
"1632","tile_51401",642,31.1769145362398,1,"L4"
"1633","tile_51402",654,31.1769145362398,1,"PV"
"1634","tile_51403",666,31.1769145362398,2,"L5"
"1635","tile_51404",678,31.1769145362398,1,"PV"
"1636","tile_51407",714,31.1769145362398,1,"PV"
"1637","tile_51411",762,31.1769145362398,1,"L5"
"1638","tile_51421",-798,38.1051177665153,2,"Olig2"
"1639","tile_51422",-786,38.1051177665153,2,"Olig2"
"1640","tile_51423",-774,38.1051177665153,2,"Olig2"
"1641","tile_51424",-762,38.1051177665153,2,"Astro"
"1642","tile_51425",-750,38.1051177665153,1,"Olig2"
"1643","tile_51427",-726,38.1051177665153,1,"Olig2"
"1644","tile_51428",-714,38.1051177665153,1,"Olig2"
"1645","tile_51430",-690,38.1051177665153,1,"Olig2"
"1646","tile_51431",-678,38.1051177665153,1,"Olig2"
"1647","tile_51432",-666,38.1051177665153,3,"Olig2"
"1648","tile_51433",-654,38.1051177665153,2,"intermediate"
"1649","tile_51434",-642,38.1051177665153,4,"Olig2"
"1650","tile_51435",-630,38.1051177665153,2,"Astro"
"1651","tile_51436",-618,38.1051177665153,1,"Olig2"
"1652","tile_51437",-606,38.1051177665153,1,"Olig2"
"1653","tile_51438",-594,38.1051177665153,2,"Olig2"
"1654","tile_51439",-582,38.1051177665153,1,"Olig2"
"1655","tile_51440",-570,38.1051177665153,1,"Olig2"
"1656","tile_51441",-558,38.1051177665153,1,"Olig2"
"1657","tile_51444",-522,38.1051177665153,2,"L6"
"1658","tile_51445",-510,38.1051177665153,1,"Olig2"
"1659","tile_51447",-486,38.1051177665153,1,"L2/3"
"1660","tile_51448",-474,38.1051177665153,1,"Astro"
"1661","tile_51452",-426,38.1051177665153,1,"Astro"
"1662","tile_51454",-402,38.1051177665153,1,"Astro"
"1663","tile_51457",-366,38.1051177665153,1,"Olig2"
"1664","tile_51458",-354,38.1051177665153,1,"L6"
"1665","tile_51460",-330,38.1051177665153,1,"Olig2"
"1666","tile_51461",-318,38.1051177665153,1,"L2/3"
"1667","tile_51463",-294,38.1051177665153,1,"L2/3"
"1668","tile_51465",-270,38.1051177665153,1,"L2/3"
"1669","tile_51468",-234,38.1051177665153,2,"L2/3"
"1670","tile_51469",-222,38.1051177665153,1,"L2/3"
"1671","tile_51473",-174,38.1051177665153,1,"L5"
"1672","tile_51475",-150,38.1051177665153,1,"L2/3"
"1673","tile_51477",-126,38.1051177665153,1,"L2/3"
"1674","tile_51478",-114,38.1051177665153,3,"L2/3"
"1675","tile_51479",-102,38.1051177665153,1,"L6"
"1676","tile_51481",-78,38.1051177665153,1,"L6"
"1677","tile_51482",-66,38.1051177665153,2,"L4"
"1678","tile_51483",-54,38.1051177665153,1,"L6"
"1679","tile_51484",-42,38.1051177665153,1,"PV"
"1680","tile_51485",-30,38.1051177665153,1,"L2/3"
"1681","tile_51487",-6,38.1051177665153,1,"L6"
"1682","tile_51488",6,38.1051177665153,1,"L6"
"1683","tile_51490",30,38.1051177665153,1,"Olig1"
"1684","tile_51491",42,38.1051177665153,1,"PV"
"1685","tile_51492",54,38.1051177665153,1,"Olig1"
"1686","tile_51494",78,38.1051177665153,1,"L2/3"
"1687","tile_51496",102,38.1051177665153,1,"L5"
"1688","tile_51497",114,38.1051177665153,2,"L4"
"1689","tile_51500",150,38.1051177665153,2,"L6"
"1690","tile_51501",162,38.1051177665153,1,"PV"
"1691","tile_51502",174,38.1051177665153,1,"PV"
"1692","tile_51503",186,38.1051177665153,1,"Olig1"
"1693","tile_51505",210,38.1051177665153,1,"PV"
"1694","tile_51507",234,38.1051177665153,1,"PV"
"1695","tile_51508",246,38.1051177665153,1,"PV"
"1696","tile_51510",270,38.1051177665153,1,"L6"
"1697","tile_51511",282,38.1051177665153,1,"L6"
"1698","tile_51512",294,38.1051177665153,1,"Olig1"
"1699","tile_51513",306,38.1051177665153,1,"L4"
"1700","tile_51514",318,38.1051177665153,3,"PV"
"1701","tile_51515",330,38.1051177665153,1,"Olig1"
"1702","tile_51516",342,38.1051177665153,2,"L4"
"1703","tile_51517",354,38.1051177665153,1,"Olig1"
"1704","tile_51519",378,38.1051177665153,2,"Calretinin"
"1705","tile_51520",390,38.1051177665153,1,"PV"
"1706","tile_51521",402,38.1051177665153,1,"Olig1"
"1707","tile_51523",426,38.1051177665153,1,"Olig1"
"1708","tile_51524",438,38.1051177665153,3,"L4"
"1709","tile_51526",462,38.1051177665153,1,"L4"
"1710","tile_51527",474,38.1051177665153,1,"PV"
"1711","tile_51528",486,38.1051177665153,3,"PV"
"1712","tile_51532",534,38.1051177665153,1,"Olig1"
"1713","tile_51534",558,38.1051177665153,1,"L4"
"1714","tile_51536",582,38.1051177665153,2,"L5"
"1715","tile_51540",630,38.1051177665153,2,"L5"
"1716","tile_51541",642,38.1051177665153,1,"PV"
"1717","tile_51543",666,38.1051177665153,1,"PV"
"1718","tile_51544",678,38.1051177665153,1,"L5"
"1719","tile_51549",738,38.1051177665153,1,"L5"
"1720","tile_51550",750,38.1051177665153,2,"L5"
"1721","tile_51554",798,38.1051177665153,1,"intermediate"
"1722","tile_51562",-786,45.0333209967908,1,"Olig2"
"1723","tile_51563",-774,45.0333209967908,1,"Olig2"
"1724","tile_51564",-762,45.0333209967908,3,"Olig2"
"1725","tile_51565",-750,45.0333209967908,1,"Olig2"
"1726","tile_51566",-738,45.0333209967908,1,"Astro"
"1727","tile_51571",-678,45.0333209967908,1,"Astro"
"1728","tile_51572",-666,45.0333209967908,4,"Astro"
"1729","tile_51573",-654,45.0333209967908,1,"Astro"
"1730","tile_51574",-642,45.0333209967908,3,"Astro"
"1731","tile_51575",-630,45.0333209967908,2,"Olig2"
"1732","tile_51576",-618,45.0333209967908,1,"Olig2"
"1733","tile_51577",-606,45.0333209967908,2,"L5"
"1734","tile_51578",-594,45.0333209967908,3,"Astro"
"1735","tile_51580",-570,45.0333209967908,1,"Olig2"
"1736","tile_51583",-534,45.0333209967908,1,"Astro"
"1737","tile_51586",-498,45.0333209967908,1,"Olig2"
"1738","tile_51587",-486,45.0333209967908,3,"Astro"
"1739","tile_51589",-462,45.0333209967908,1,"Astro"
"1740","tile_51595",-390,45.0333209967908,1,"L6"
"1741","tile_51596",-378,45.0333209967908,1,"L2/3"
"1742","tile_51608",-234,45.0333209967908,1,"L2/3"
"1743","tile_51609",-222,45.0333209967908,2,"intermediate"
"1744","tile_51610",-210,45.0333209967908,2,"L2/3"
"1745","tile_51611",-198,45.0333209967908,1,"L6"
"1746","tile_51612",-186,45.0333209967908,1,"L2/3"
"1747","tile_51615",-150,45.0333209967908,2,"L2/3"
"1748","tile_51617",-126,45.0333209967908,2,"L2/3"
"1749","tile_51625",-30,45.0333209967908,1,"L6"
"1750","tile_51626",-18,45.0333209967908,1,"L6"
"1751","tile_51629",18,45.0333209967908,1,"L6"
"1752","tile_51632",54,45.0333209967908,1,"L6"
"1753","tile_51633",66,45.0333209967908,1,"L2/3"
"1754","tile_51634",78,45.0333209967908,1,"L2/3"
"1755","tile_51643",186,45.0333209967908,1,"Olig1"
"1756","tile_51645",210,45.0333209967908,1,"Olig1"
"1757","tile_51646",222,45.0333209967908,3,"L4"
"1758","tile_51647",234,45.0333209967908,2,"L4"
"1759","tile_51649",258,45.0333209967908,2,"L4"
"1760","tile_51654",318,45.0333209967908,2,"PV"
"1761","tile_51655",330,45.0333209967908,1,"PV"
"1762","tile_51656",342,45.0333209967908,1,"L6"
"1763","tile_51657",354,45.0333209967908,1,"L4"
"1764","tile_51658",366,45.0333209967908,2,"PV"
"1765","tile_51660",390,45.0333209967908,1,"PV"
"1766","tile_51661",402,45.0333209967908,2,"Olig1"
"1767","tile_51662",414,45.0333209967908,1,"PV"
"1768","tile_51663",426,45.0333209967908,2,"PV"
"1769","tile_51664",438,45.0333209967908,4,"PV"
"1770","tile_51665",450,45.0333209967908,1,"PV"
"1771","tile_51666",462,45.0333209967908,1,"PV"
"1772","tile_51673",546,45.0333209967908,1,"PV"
"1773","tile_51677",594,45.0333209967908,1,"L5"
"1774","tile_51678",606,45.0333209967908,1,"PV"
"1775","tile_51679",618,45.0333209967908,1,"L4"
"1776","tile_51682",654,45.0333209967908,1,"L5"
"1777","tile_51683",666,45.0333209967908,1,"L5"
"1778","tile_51688",726,45.0333209967908,1,"L5"
"1779","tile_51691",762,45.0333209967908,2,"Calretinin"
"1780","tile_51717",-606,51.9615242270663,1,"Olig2"
"1781","tile_51722",-546,51.9615242270663,1,"Olig2"
"1782","tile_51727",-486,51.9615242270663,1,"L2/3"
"1783","tile_51735",-390,51.9615242270663,1,"L2/3"
"1784","tile_51771",42,51.9615242270663,1,"PV"
"1785","tile_51776",102,51.9615242270663,1,"L6"
"1786","tile_51784",198,51.9615242270663,1,"Olig1"
"1787","tile_51794",318,51.9615242270663,1,"PV"
"1788","tile_51802",414,51.9615242270663,1,"PV"
"1789","tile_51815",570,51.9615242270663,1,"PV"
"1790","tile_51816",582,51.9615242270663,1,"PV"
